-- MySQL dump 10.13  Distrib 9.4.0, for macos15.4 (arm64)
--
-- Host: localhost    Database: gameHubDB
-- ------------------------------------------------------
-- Server version	9.4.0

/*!40101 SET @OLD_CHARACTER_SET_CLIENT=@@CHARACTER_SET_CLIENT */;
/*!40101 SET @OLD_CHARACTER_SET_RESULTS=@@CHARACTER_SET_RESULTS */;
/*!40101 SET @OLD_COLLATION_CONNECTION=@@COLLATION_CONNECTION */;
/*!50503 SET NAMES utf8mb4 */;
/*!40103 SET @OLD_TIME_ZONE=@@TIME_ZONE */;
/*!40103 SET TIME_ZONE='+00:00' */;
/*!40014 SET @OLD_UNIQUE_CHECKS=@@UNIQUE_CHECKS, UNIQUE_CHECKS=0 */;
/*!40014 SET @OLD_FOREIGN_KEY_CHECKS=@@FOREIGN_KEY_CHECKS, FOREIGN_KEY_CHECKS=0 */;
/*!40101 SET @OLD_SQL_MODE=@@SQL_MODE, SQL_MODE='NO_AUTO_VALUE_ON_ZERO' */;
/*!40111 SET @OLD_SQL_NOTES=@@SQL_NOTES, SQL_NOTES=0 */;

--
-- Table structure for table `awards`
--

DROP TABLE IF EXISTS `awards`;
/*!40101 SET @saved_cs_client     = @@character_set_client */;
/*!50503 SET character_set_client = utf8mb4 */;
CREATE TABLE `awards` (
  `id` int NOT NULL AUTO_INCREMENT,
  `description` varchar(100) NOT NULL,
  `value` tinyint NOT NULL,
  `medal` tinyint NOT NULL,
  `trophy` tinyint NOT NULL,
  `others` varchar(100) DEFAULT NULL,
  `created_at` datetime(6) NOT NULL DEFAULT CURRENT_TIMESTAMP(6),
  `updated_at` datetime(6) NOT NULL DEFAULT CURRENT_TIMESTAMP(6) ON UPDATE CURRENT_TIMESTAMP(6),
  `admin_id` int NOT NULL,
  PRIMARY KEY (`id`),
  KEY `fk_award` (`admin_id`),
  CONSTRAINT `fk_award` FOREIGN KEY (`admin_id`) REFERENCES `users` (`id`)
) ENGINE=InnoDB AUTO_INCREMENT=9 DEFAULT CHARSET=utf8mb4 COLLATE=utf8mb4_0900_ai_ci;
/*!40101 SET character_set_client = @saved_cs_client */;

--
-- Dumping data for table `awards`
--

LOCK TABLES `awards` WRITE;
/*!40000 ALTER TABLE `awards` DISABLE KEYS */;
INSERT INTO `awards` VALUES (6,'1000 reais',1,0,0,'sla','2025-10-02 08:37:54.601619','2025-10-02 08:37:54.601619',18),(7,'2000 reais',1,0,0,'num sei','2025-10-02 08:57:46.327326','2025-10-02 08:58:12.441869',18),(8,'Premio de teste criado pelo react',1,0,0,'100 reais','2025-10-28 16:09:53.892957','2025-10-28 16:09:53.892957',18);
/*!40000 ALTER TABLE `awards` ENABLE KEYS */;
UNLOCK TABLES;

--
-- Table structure for table `awards_championship`
--

DROP TABLE IF EXISTS `awards_championship`;
/*!40101 SET @saved_cs_client     = @@character_set_client */;
/*!50503 SET character_set_client = utf8mb4 */;
CREATE TABLE `awards_championship` (
  `id` int NOT NULL AUTO_INCREMENT,
  `award_id` int DEFAULT NULL,
  `championship_id` int DEFAULT NULL,
  PRIMARY KEY (`id`),
  KEY `FK_d575f7792a4d65cc337c9e4208d` (`award_id`),
  KEY `FK_f03b7e3e8da06f6973d23b25a58` (`championship_id`),
  CONSTRAINT `FK_d575f7792a4d65cc337c9e4208d` FOREIGN KEY (`award_id`) REFERENCES `awards` (`id`),
  CONSTRAINT `FK_f03b7e3e8da06f6973d23b25a58` FOREIGN KEY (`championship_id`) REFERENCES `championship` (`id`)
) ENGINE=InnoDB AUTO_INCREMENT=70 DEFAULT CHARSET=utf8mb4 COLLATE=utf8mb4_0900_ai_ci;
/*!40101 SET character_set_client = @saved_cs_client */;

--
-- Dumping data for table `awards_championship`
--

LOCK TABLES `awards_championship` WRITE;
/*!40000 ALTER TABLE `awards_championship` DISABLE KEYS */;
INSERT INTO `awards_championship` VALUES (37,6,21),(43,6,NULL),(44,7,NULL),(53,7,16),(59,7,22),(61,6,22),(62,6,17),(65,6,23),(66,8,17),(68,6,16),(69,6,24);
/*!40000 ALTER TABLE `awards_championship` ENABLE KEYS */;
UNLOCK TABLES;

--
-- Table structure for table `championship`
--

DROP TABLE IF EXISTS `championship`;
/*!40101 SET @saved_cs_client     = @@character_set_client */;
/*!50503 SET character_set_client = utf8mb4 */;
CREATE TABLE `championship` (
  `id` int NOT NULL AUTO_INCREMENT,
  `name` varchar(100) NOT NULL,
  `start_date` date NOT NULL,
  `end_date` date NOT NULL,
  `created_at` datetime(6) NOT NULL DEFAULT CURRENT_TIMESTAMP(6),
  `updated_at` datetime(6) NOT NULL DEFAULT CURRENT_TIMESTAMP(6) ON UPDATE CURRENT_TIMESTAMP(6),
  `admin_id` int NOT NULL,
  PRIMARY KEY (`id`),
  KEY `FK_76f91953588d3bf5b9f83ae5736` (`admin_id`),
  CONSTRAINT `FK_76f91953588d3bf5b9f83ae5736` FOREIGN KEY (`admin_id`) REFERENCES `users` (`id`)
) ENGINE=InnoDB AUTO_INCREMENT=26 DEFAULT CHARSET=utf8mb4 COLLATE=utf8mb4_0900_ai_ci;
/*!40101 SET character_set_client = @saved_cs_client */;

--
-- Dumping data for table `championship`
--

LOCK TABLES `championship` WRITE;
/*!40000 ALTER TABLE `championship` DISABLE KEYS */;
INSERT INTO `championship` VALUES (16,'Juliam championship2','2025-01-01','2025-01-02','2025-09-15 15:42:11.211834','2025-10-31 10:34:39.000000',18),(17,'Campeonatinho do ju2','2029-09-01','2029-09-02','2025-10-01 15:49:06.389413','2026-01-19 16:52:11.000000',18),(18,'Nome','2025-10-01','2025-10-11','2025-10-01 18:51:30.609540','2025-10-01 18:51:30.609540',18),(19,'Julianchip','2025-10-18','2025-10-25','2025-10-01 18:53:00.451082','2025-10-01 18:53:00.451082',18),(20,'teste','2025-10-01','2025-10-01','2025-10-01 18:53:47.011767','2025-10-01 18:53:47.011767',18),(21,'pfvr da certo','2025-10-02','2025-10-10','2025-10-02 08:38:44.813229','2025-10-02 08:38:44.813229',18),(22,'Teste com awards2','2025-10-02','2025-10-31','2025-10-02 13:17:44.423053','2025-10-20 15:57:40.000000',18),(23,'teste do juju','2029-02-16','2029-02-17','2025-10-30 10:40:22.291793','2025-10-30 10:40:22.291793',18),(24,'Teste logs','2025-10-31','2025-11-19','2025-10-31 10:35:47.822816','2025-10-31 10:35:47.822816',18),(25,'Julian','2026-01-20','2026-01-31','2026-01-21 10:56:40.227185','2026-01-21 10:56:40.227185',18);
/*!40000 ALTER TABLE `championship` ENABLE KEYS */;
UNLOCK TABLES;

--
-- Table structure for table `gamers`
--

DROP TABLE IF EXISTS `gamers`;
/*!40101 SET @saved_cs_client     = @@character_set_client */;
/*!50503 SET character_set_client = utf8mb4 */;
CREATE TABLE `gamers` (
  `id` int NOT NULL AUTO_INCREMENT,
  `team` int DEFAULT NULL,
  `shirtNumber` int NOT NULL,
  `score` int DEFAULT '0',
  `user_id` int NOT NULL,
  `created_at` datetime(6) NOT NULL DEFAULT CURRENT_TIMESTAMP(6),
  `updated_at` datetime(6) NOT NULL DEFAULT CURRENT_TIMESTAMP(6) ON UPDATE CURRENT_TIMESTAMP(6),
  PRIMARY KEY (`id`),
  KEY `FK_d2760c804b63fc197ff864c9e9f` (`team`),
  KEY `FK_2fda9eafac598498eb03a49548f` (`user_id`),
  CONSTRAINT `FK_2fda9eafac598498eb03a49548f` FOREIGN KEY (`user_id`) REFERENCES `users` (`id`),
  CONSTRAINT `FK_d2760c804b63fc197ff864c9e9f` FOREIGN KEY (`team`) REFERENCES `teams` (`id`)
) ENGINE=InnoDB AUTO_INCREMENT=26 DEFAULT CHARSET=utf8mb4 COLLATE=utf8mb4_0900_ai_ci;
/*!40101 SET character_set_client = @saved_cs_client */;

--
-- Dumping data for table `gamers`
--

LOCK TABLES `gamers` WRITE;
/*!40000 ALTER TABLE `gamers` DISABLE KEYS */;
INSERT INTO `gamers` VALUES (3,24,17,50000,17,'2025-09-16 09:11:04.194711','2026-01-19 16:59:40.000000'),(4,NULL,18,800,18,'2025-09-17 13:09:51.252521','2025-10-30 15:19:50.563177'),(5,NULL,19,50115,19,'2025-09-17 13:10:37.404123','2026-01-07 14:36:13.000000'),(6,25,20,834,20,'2025-09-17 15:23:59.493344','2026-02-03 13:53:06.000000'),(7,25,19,50060,21,'2025-10-09 16:24:45.189943','2026-02-03 13:54:47.000000'),(8,19,5,50000,22,'2025-10-10 10:49:02.003744','2025-10-10 10:50:08.000000'),(9,20,9,50035,23,'2025-10-10 10:52:33.486068','2026-02-03 13:54:05.000000'),(10,NULL,17,50020,24,'2025-10-20 14:33:50.359632','2025-10-30 15:19:50.567416'),(12,22,15,50000,26,'2025-10-30 09:57:57.001530','2025-10-30 10:03:48.000000'),(13,NULL,15,300,27,'2025-10-30 10:44:52.218850','2025-10-30 15:19:50.569666'),(14,5,15,200,31,'2025-10-30 11:16:14.346681','2026-01-28 09:54:10.000000'),(16,23,15,50000,33,'2025-10-30 15:25:24.868729','2025-10-30 15:31:14.000000'),(17,24,15,50017,34,'2025-10-31 07:59:11.405888','2026-01-28 13:53:27.000000'),(18,NULL,8,115,35,'2025-11-04 16:28:32.703552','2025-12-12 14:26:31.000000'),(19,NULL,15,0,36,'2025-11-07 14:12:49.179484','2025-11-07 14:12:49.179484'),(20,NULL,18,0,37,'2025-11-07 14:27:56.424465','2025-11-07 14:27:56.424465'),(21,NULL,15,0,38,'2025-11-10 13:48:28.634208','2025-11-10 13:48:28.634208'),(22,NULL,6,0,39,'2025-11-10 13:51:26.887476','2025-11-10 13:51:26.887476'),(23,NULL,9,0,40,'2025-11-10 13:52:28.056618','2025-11-10 13:52:28.056618'),(24,NULL,24,0,43,'2026-02-03 16:29:19.432977','2026-02-03 16:29:19.432977'),(25,NULL,23,0,44,'2026-02-06 15:31:53.864283','2026-02-06 15:31:53.864283');
/*!40000 ALTER TABLE `gamers` ENABLE KEYS */;
UNLOCK TABLES;

--
-- Table structure for table `logs`
--

DROP TABLE IF EXISTS `logs`;
/*!40101 SET @saved_cs_client     = @@character_set_client */;
/*!50503 SET character_set_client = utf8mb4 */;
CREATE TABLE `logs` (
  `id` int NOT NULL AUTO_INCREMENT,
  `user_id` int DEFAULT NULL,
  `action` varchar(100) NOT NULL,
  `description` text,
  `created_at` datetime(6) NOT NULL DEFAULT CURRENT_TIMESTAMP(6),
  PRIMARY KEY (`id`),
  KEY `FK_70c2c3d40d9f661ac502de51349` (`user_id`),
  CONSTRAINT `FK_70c2c3d40d9f661ac502de51349` FOREIGN KEY (`user_id`) REFERENCES `users` (`id`)
) ENGINE=InnoDB AUTO_INCREMENT=630 DEFAULT CHARSET=utf8mb4 COLLATE=utf8mb4_0900_ai_ci;
/*!40101 SET character_set_client = @saved_cs_client */;

--
-- Dumping data for table `logs`
--

LOCK TABLES `logs` WRITE;
/*!40000 ALTER TABLE `logs` DISABLE KEYS */;
INSERT INTO `logs` VALUES (4,18,'Login','Usuário realizou login no sistema','2025-10-31 10:04:04.317712'),(5,18,'CREATE_METRIC','Métrica criada: gol (quantidade: 1) para gamer 5 (ID: 23)','2025-10-31 10:19:01.664548'),(7,18,'CREATE_METRIC','Métrica criada: gol (quantidade: 1) para gamer 5 (ID: 24)','2025-10-31 10:21:26.497319'),(8,19,'UPDATE_GAMER','Gamer editado: número 19, score atualizado (ID: 5)','2025-10-31 10:21:26.519171'),(9,18,'UPDATE_MATCH','Partida editada (ID: 20) - Status: undefined','2025-10-31 10:22:05.554836'),(10,18,'UPDATE_MATCH','Partida editada (ID: 20) - , Scoreboard: 2 - 2 ','2025-10-31 10:25:01.398862'),(11,18,'UPDATE_MATCH','Partida editada (ID: 20) -Status: playing  ','2025-10-31 10:25:17.892393'),(12,18,'UPDATE_MATCH','Partida editada (ID: 20) - , Scoreboard: 2 - 3 ','2025-10-31 10:25:33.253913'),(13,18,'UPDATE_MATCH','Partida editada (ID: 20) -  , Vencedor: 5','2025-10-31 10:25:34.039292'),(14,18,'UPDATE_MATCH','Partida editada (ID: 20) -Status: finished  ','2025-10-31 10:25:55.652153'),(15,18,'DELETE_MATCH','Partida deletada (ID: 16)','2025-10-31 10:28:41.995027'),(16,18,'DELETE_MATCH','Partida deletada (ID: 18)','2025-10-31 10:29:59.289707'),(17,18,'CREATE_MATCH','Partida criada: Time 5 vs Time 19 (ID: 27)','2025-10-31 10:34:17.859522'),(18,18,'UPDATE_CHAMPIONSHIP','Campeonato editado: Juliam championship2 (ID: 16)','2025-10-31 10:34:39.203082'),(19,18,'CREATE_CHAMPIONSHIP','Campeonato criado: Teste logs (ID: 24)','2025-10-31 10:35:47.826276'),(20,18,'Login','Usuário realizou login no sistema','2025-10-31 13:16:59.726357'),(21,18,'CREATE_MATCH','Partida criada: Time 10 vs Time 20 (ID: 28)','2025-10-31 13:41:14.724468'),(22,18,'Login','Usuário realizou login no sistema','2025-11-04 15:37:45.928514'),(23,18,'UPDATE_TEAM','Time editado: Pior timede tidis (ID: 16) - Logo atualizado','2025-11-04 15:38:19.950258'),(24,18,'UPDATE_TEAM','Time editado: Pior timede tidis (ID: 16) - Logo atualizado','2025-11-04 15:39:04.967047'),(25,18,'UPDATE_TEAM','Time editado: Pior timede tidis (ID: 16) - Logo atualizado','2025-11-04 15:39:22.509625'),(26,18,'Login','Usuário realizou login no sistema','2025-11-04 16:18:20.467461'),(27,18,'Login','Usuário realizou login no sistema','2025-11-04 16:23:49.140839'),(28,19,'Login','Usuário realizou login no sistema','2025-11-04 16:26:47.263033'),(29,35,'CREATE_USER','Usuário criado: Iago (iago@gmail.com)','2025-11-04 16:28:26.886641'),(30,35,'CREATE_GAMER','Gamer criado: número 8 (ID: 18)','2025-11-04 16:28:32.718102'),(31,35,'Login','Usuário realizou login no sistema','2025-11-04 16:28:37.159209'),(32,17,'CREATE_NOTIFICATION','Notificação criada: team_accept para usuário 17 (ID: 26)','2025-11-04 16:28:55.732362'),(33,18,'Login','Usuário realizou login no sistema','2025-11-04 16:29:02.356174'),(34,17,'Login','Usuário realizou login no sistema','2025-11-04 16:29:42.695760'),(35,17,'UPDATE_NOTIFICATION','1 notificação(ões) marcada(s) como não lida(s)','2025-11-04 16:29:42.756218'),(36,17,'UPDATE_NOTIFICATION','1 notificação(ões) marcada(s) como não lida(s)','2025-11-04 16:29:42.760709'),(37,35,'UPDATE_GAMER','Gamer editado: número 8 (ID: 18)','2025-11-04 16:30:09.214928'),(38,35,'CREATE_NOTIFICATION','Notificação criada: accept para usuário 35 (ID: 27)','2025-11-04 16:30:09.225929'),(39,35,'Login','Usuário realizou login no sistema','2025-11-04 16:30:26.468146'),(40,35,'UPDATE_NOTIFICATION','1 notificação(ões) marcada(s) como não lida(s)','2025-11-04 16:30:26.566269'),(41,35,'UPDATE_NOTIFICATION','1 notificação(ões) marcada(s) como não lida(s)','2025-11-04 16:30:26.576908'),(42,18,'Login','Usuário realizou login no sistema','2025-11-04 16:30:56.943253'),(43,18,'CREATE_METRIC','Métrica criada: gol (quantidade: 1) para gamer 18 (ID: 25)','2025-11-04 16:31:10.130151'),(44,35,'UPDATE_GAMER','Gamer editado: número 8, score atualizado (ID: 18)','2025-11-04 16:31:10.163532'),(45,18,'CREATE_METRIC','Métrica criada: defesa (quantidade: 3) para gamer 18 (ID: 26)','2025-11-04 16:31:21.689493'),(46,35,'UPDATE_GAMER','Gamer editado: número 8, score atualizado (ID: 18)','2025-11-04 16:31:21.741736'),(47,18,'CREATE_METRIC','Métrica criada: assistencia (quantidade: 5) para gamer 18 (ID: 27)','2025-11-04 16:31:33.030064'),(48,35,'UPDATE_GAMER','Gamer editado: número 8, score atualizado (ID: 18)','2025-11-04 16:31:33.059521'),(49,35,'Login','Usuário realizou login no sistema','2025-11-04 16:31:55.180955'),(50,18,'Login','Usuário realizou login no sistema','2025-11-04 16:41:44.935057'),(51,18,'UPDATE_TEAM','Time editado: Pior timede tidis (ID: 16) - Logo atualizado','2025-11-04 16:42:06.083617'),(52,18,'Login','Usuário realizou login no sistema','2025-11-06 13:38:17.754406'),(53,18,'Login','Usuário realizou login no sistema','2025-11-07 13:44:43.701879'),(54,36,'CREATE_USER','Usuário criado: Julian (julinhan2@gmail.com)','2025-11-07 14:12:28.943837'),(55,36,'CREATE_GAMER','Gamer criado: número 15 (ID: 19)','2025-11-07 14:12:49.187081'),(56,36,'Login','Usuário realizou login no sistema','2025-11-07 14:12:54.433029'),(57,37,'CREATE_USER','Usuário criado: teste usando o handler agora (handler@gmail.com)','2025-11-07 14:27:44.969395'),(58,37,'CREATE_GAMER','Gamer criado: número 18 (ID: 20)','2025-11-07 14:27:56.431665'),(59,37,'Login','Usuário realizou login no sistema','2025-11-07 14:27:59.568058'),(60,37,'UPDATE_USER','Usuário editado: teste usando o handler agora (handler@gmail.com)','2025-11-07 14:43:56.628858'),(61,37,'UPDATE_USER','Usuário editado: teste usando o handler agora (handler@gmail.com)','2025-11-07 15:34:06.160711'),(62,37,'UPDATE_USER','Usuário editado: teste usando o handler2 agora (handler@gmail.com)','2025-11-07 15:34:16.384885'),(63,18,'Login','Usuário realizou login no sistema','2025-11-07 15:51:37.537216'),(64,18,'DELETE_USER','Usuário deletado (ID: 17) por admin','2025-11-07 15:51:47.702751'),(65,38,'CREATE_USER','Usuário criado: Teste de criar gamer com o handler agora (gamerHandler@gmail.com)','2025-11-10 13:48:23.888802'),(66,39,'CREATE_USER','Usuário criado: teste 23 (teste23@gmail.com)','2025-11-10 13:51:21.863074'),(67,40,'CREATE_USER','Usuário criado: teste222 (teste222@gmail.com)','2025-11-10 13:52:23.523568'),(68,40,'CREATE_GAMER','Gamer criado: número 9 (ID: 23)','2025-11-10 13:52:28.061438'),(69,18,'Login','Usuário realizou login no sistema','2025-11-10 16:43:16.824908'),(70,17,'Login','Usuário realizou login no sistema','2025-11-10 16:45:56.407293'),(71,18,'Login','Usuário realizou login no sistema','2025-11-10 17:18:36.790097'),(72,19,'Login','Usuário realizou login no sistema','2025-11-11 09:08:01.604538'),(73,31,'Login','Usuário realizou login no sistema','2025-11-11 09:09:39.419961'),(74,17,'CREATE_NOTIFICATION','Notificação criada: team_accept para usuário 17 (ID: 28)','2025-11-11 09:09:47.470603'),(75,18,'Login','Usuário realizou login no sistema','2025-11-11 09:09:52.987303'),(76,17,'Login','Usuário realizou login no sistema','2025-11-11 09:11:43.829622'),(77,17,'UPDATE_NOTIFICATION','1 notificação(ões) marcada(s) como não lida(s)','2025-11-11 09:11:43.941330'),(78,17,'UPDATE_NOTIFICATION','1 notificação(ões) marcada(s) como não lida(s)','2025-11-11 09:11:43.948821'),(79,31,'UPDATE_GAMER','Gamer editado: número 15 (ID: 14)','2025-11-11 09:11:46.634560'),(80,31,'CREATE_NOTIFICATION','Notificação criada: accept para usuário 31 (ID: 29)','2025-11-11 09:11:46.650218'),(81,31,'Login','Usuário realizou login no sistema','2025-11-11 09:12:24.953070'),(82,31,'UPDATE_NOTIFICATION','1 notificação(ões) marcada(s) como não lida(s)','2025-11-11 09:12:25.058469'),(83,31,'UPDATE_NOTIFICATION','1 notificação(ões) marcada(s) como não lida(s)','2025-11-11 09:12:25.064335'),(84,32,'Login','Usuário realizou login no sistema','2025-11-11 09:20:57.012861'),(85,17,'CREATE_NOTIFICATION','Notificação criada: team_accept para usuário 17 (ID: 30)','2025-11-11 09:21:01.950659'),(86,17,'Login','Usuário realizou login no sistema','2025-11-11 09:21:13.289845'),(87,17,'UPDATE_NOTIFICATION','1 notificação(ões) marcada(s) como não lida(s)','2025-11-11 09:21:13.360727'),(88,17,'UPDATE_NOTIFICATION','1 notificação(ões) marcada(s) como não lida(s)','2025-11-11 09:21:13.367174'),(89,32,'UPDATE_GAMER','Gamer editado: número 15 (ID: 15)','2025-11-11 09:21:17.943552'),(90,32,'CREATE_NOTIFICATION','Notificação criada: accept para usuário 32 (ID: 31)','2025-11-11 09:21:17.955714'),(91,32,'Login','Usuário realizou login no sistema','2025-11-11 09:21:24.537266'),(92,32,'UPDATE_NOTIFICATION','1 notificação(ões) marcada(s) como não lida(s)','2025-11-11 09:21:24.645561'),(93,32,'UPDATE_NOTIFICATION','1 notificação(ões) marcada(s) como não lida(s)','2025-11-11 09:21:24.652266'),(94,25,'DELETE_GAMER','Gamer deletado (ID: 11)','2025-11-11 09:33:22.643858'),(95,32,'DELETE_GAMER','Gamer deletado (ID: 15)','2025-11-11 09:33:43.313868'),(96,18,'Login','Usuário realizou login no sistema','2025-11-11 09:42:35.363419'),(97,18,'Login','Usuário realizou login no sistema','2025-11-11 19:07:15.986108'),(98,18,'Login','Usuário realizou login no sistema','2025-11-25 18:03:00.713948'),(99,18,'Login','Usuário realizou login no sistema','2025-11-27 16:22:57.509908'),(100,26,'Login','Usuário realizou login no sistema','2025-11-27 16:24:41.110262'),(101,18,'Login','Usuário realizou login no sistema','2025-12-10 16:52:03.170803'),(102,35,'Login','Usuário realizou login no sistema','2025-12-10 17:16:15.820741'),(103,18,'Login','Usuário realizou login no sistema','2025-12-11 17:03:45.559122'),(104,17,'Login','Usuário realizou login no sistema','2025-12-11 17:04:14.790217'),(105,18,'Login','Usuário realizou login no sistema','2025-12-11 17:04:25.963654'),(106,34,'Login','Usuário realizou login no sistema','2025-12-11 17:04:59.711386'),(107,35,'Login','Usuário realizou login no sistema','2025-12-11 17:05:26.811404'),(108,17,'CREATE_NOTIFICATION','Notificação criada: team_leave para usuário 17 (ID: 32)','2025-12-11 17:19:12.918722'),(109,17,'Login','Usuário realizou login no sistema','2025-12-11 17:19:20.320389'),(110,17,'UPDATE_NOTIFICATION','1 notificação(ões) marcada(s) como não lida(s)','2025-12-11 17:19:20.384080'),(111,17,'UPDATE_NOTIFICATION','1 notificação(ões) marcada(s) como não lida(s)','2025-12-11 17:19:20.389579'),(112,35,'UPDATE_GAMER','Gamer editado: número 8 (ID: 18)','2025-12-11 17:19:28.920001'),(113,35,'CREATE_NOTIFICATION','Notificação criada: accept para usuário 35 (ID: 33)','2025-12-11 17:19:28.934098'),(114,35,'Login','Usuário realizou login no sistema','2025-12-11 17:22:29.891113'),(115,35,'UPDATE_NOTIFICATION','1 notificação(ões) marcada(s) como não lida(s)','2025-12-11 17:22:29.993401'),(116,35,'UPDATE_NOTIFICATION','1 notificação(ões) marcada(s) como não lida(s)','2025-12-11 17:22:30.002726'),(117,17,'CREATE_NOTIFICATION','Notificação criada: team_leave para usuário 17 (ID: 34)','2025-12-11 17:22:57.427122'),(118,17,'Login','Usuário realizou login no sistema','2025-12-11 17:23:03.152966'),(119,17,'UPDATE_NOTIFICATION','1 notificação(ões) marcada(s) como não lida(s)','2025-12-11 17:23:03.224011'),(120,17,'UPDATE_NOTIFICATION','1 notificação(ões) marcada(s) como não lida(s)','2025-12-11 17:23:03.248111'),(121,35,'UPDATE_GAMER','Gamer editado: número 8 (ID: 18)','2025-12-11 17:23:05.852612'),(122,35,'CREATE_NOTIFICATION','Notificação criada: accept para usuário 35 (ID: 35)','2025-12-11 17:23:05.868270'),(123,35,'Login','Usuário realizou login no sistema','2025-12-11 17:23:23.403797'),(124,35,'UPDATE_NOTIFICATION','1 notificação(ões) marcada(s) como não lida(s)','2025-12-11 17:23:23.467237'),(125,35,'UPDATE_NOTIFICATION','1 notificação(ões) marcada(s) como não lida(s)','2025-12-11 17:23:23.476736'),(126,18,'Login','Usuário realizou login no sistema','2025-12-11 17:45:46.219279'),(127,17,'Login','Usuário realizou login no sistema','2025-12-11 17:49:54.104031'),(128,35,'CREATE_NOTIFICATION','Notificação criada: team_accept para usuário 35 (ID: 36)','2025-12-12 08:55:27.984727'),(129,35,'Login','Usuário realizou login no sistema','2025-12-12 08:56:03.824594'),(130,35,'UPDATE_NOTIFICATION','1 notificação(ões) marcada(s) como não lida(s)','2025-12-12 08:56:03.914730'),(131,35,'UPDATE_NOTIFICATION','1 notificação(ões) marcada(s) como não lida(s)','2025-12-12 08:56:03.922078'),(132,35,'UPDATE_NOTIFICATION','1 notificação(ões) marcada(s) como não lida(s)','2025-12-12 09:04:21.942316'),(133,35,'UPDATE_NOTIFICATION','1 notificação(ões) marcada(s) como não lida(s)','2025-12-12 09:04:21.972518'),(134,35,'UPDATE_GAMER','Gamer editado: número 8 (ID: 18)','2025-12-12 09:04:30.414340'),(135,35,'CREATE_NOTIFICATION','Notificação criada: accept para usuário 35 (ID: 37)','2025-12-12 09:04:30.460759'),(136,35,'UPDATE_NOTIFICATION','1 notificação(ões) marcada(s) como não lida(s)','2025-12-12 09:06:41.822939'),(137,35,'UPDATE_NOTIFICATION','1 notificação(ões) marcada(s) como não lida(s)','2025-12-12 09:06:41.920822'),(138,35,'UPDATE_NOTIFICATION','1 notificação(ões) marcada(s) como não lida(s)','2025-12-12 09:07:05.797214'),(139,35,'UPDATE_NOTIFICATION','1 notificação(ões) marcada(s) como não lida(s)','2025-12-12 09:07:05.815838'),(140,35,'UPDATE_NOTIFICATION','1 notificação(ões) marcada(s) como não lida(s)','2025-12-12 09:07:33.420421'),(141,35,'UPDATE_NOTIFICATION','1 notificação(ões) marcada(s) como não lida(s)','2025-12-12 09:07:33.484750'),(142,17,'Login','Usuário realizou login no sistema','2025-12-12 09:09:16.518990'),(143,17,'CREATE_NOTIFICATION','Notificação criada: team_invite para usuário 17 (ID: 38)','2025-12-12 09:09:26.391181'),(144,35,'Login','Usuário realizou login no sistema','2025-12-12 09:09:33.632698'),(145,17,'Login','Usuário realizou login no sistema','2025-12-12 09:09:57.699938'),(146,17,'UPDATE_NOTIFICATION','1 notificação(ões) marcada(s) como não lida(s)','2025-12-12 09:09:57.756868'),(147,17,'UPDATE_NOTIFICATION','1 notificação(ões) marcada(s) como não lida(s)','2025-12-12 09:09:57.813953'),(148,35,'CREATE_NOTIFICATION','Notificação criada: team_invite para usuário 35 (ID: 39)','2025-12-12 09:10:09.485714'),(149,35,'Login','Usuário realizou login no sistema','2025-12-12 09:10:17.519066'),(150,35,'UPDATE_NOTIFICATION','1 notificação(ões) marcada(s) como não lida(s)','2025-12-12 09:10:17.580322'),(151,35,'UPDATE_NOTIFICATION','1 notificação(ões) marcada(s) como não lida(s)','2025-12-12 09:10:17.605557'),(152,35,'UPDATE_NOTIFICATION','1 notificação(ões) marcada(s) como não lida(s)','2025-12-12 09:13:21.690834'),(153,35,'UPDATE_NOTIFICATION','1 notificação(ões) marcada(s) como não lida(s)','2025-12-12 09:13:21.722504'),(154,35,'UPDATE_NOTIFICATION','1 notificação(ões) marcada(s) como não lida(s)','2025-12-12 09:14:05.969970'),(155,35,'UPDATE_NOTIFICATION','1 notificação(ões) marcada(s) como não lida(s)','2025-12-12 09:14:05.980153'),(156,17,'UPDATE_GAMER','Gamer editado: número 17 (ID: 3)','2025-12-12 09:14:12.006059'),(157,17,'CREATE_NOTIFICATION','Notificação criada: accept para usuário 17 (ID: 40)','2025-12-12 09:14:12.021362'),(158,35,'UPDATE_NOTIFICATION','1 notificação(ões) marcada(s) como não lida(s)','2025-12-12 09:15:27.996362'),(159,35,'UPDATE_NOTIFICATION','1 notificação(ões) marcada(s) como não lida(s)','2025-12-12 09:15:28.018899'),(160,35,'UPDATE_NOTIFICATION','1 notificação(ões) marcada(s) como não lida(s)','2025-12-12 09:16:43.496847'),(161,35,'UPDATE_NOTIFICATION','1 notificação(ões) marcada(s) como não lida(s)','2025-12-12 09:16:43.515430'),(162,35,'UPDATE_NOTIFICATION','1 notificação(ões) marcada(s) como não lida(s)','2025-12-12 09:29:46.177047'),(163,35,'UPDATE_NOTIFICATION','1 notificação(ões) marcada(s) como não lida(s)','2025-12-12 09:29:46.193335'),(164,35,'UPDATE_GAMER','Gamer editado: número 8 (ID: 18)','2025-12-12 09:29:50.550908'),(165,35,'UPDATE_GAMER','Gamer editado: número 8 (ID: 18)','2025-12-12 09:32:16.610339'),(166,35,'UPDATE_NOTIFICATION','1 notificação(ões) marcada(s) como não lida(s)','2025-12-12 09:35:01.225962'),(167,35,'UPDATE_NOTIFICATION','1 notificação(ões) marcada(s) como não lida(s)','2025-12-12 09:35:01.258410'),(168,35,'UPDATE_GAMER','Gamer editado: número 8 (ID: 18)','2025-12-12 09:35:02.559830'),(169,35,'CREATE_NOTIFICATION','Notificação criada: accept para usuário 35 (ID: 41)','2025-12-12 09:35:02.574677'),(170,35,'UPDATE_NOTIFICATION','1 notificação(ões) marcada(s) como não lida(s)','2025-12-12 09:35:33.850691'),(171,35,'UPDATE_NOTIFICATION','1 notificação(ões) marcada(s) como não lida(s)','2025-12-12 09:35:33.856780'),(172,35,'UPDATE_NOTIFICATION','1 notificação(ões) marcada(s) como não lida(s)','2025-12-12 09:36:30.008441'),(173,35,'UPDATE_NOTIFICATION','1 notificação(ões) marcada(s) como não lida(s)','2025-12-12 09:36:30.014814'),(174,35,'UPDATE_GAMER','Gamer editado: número 8 (ID: 18)','2025-12-12 09:37:21.765388'),(175,35,'CREATE_NOTIFICATION','Notificação criada: accept para usuário 35 (ID: 42)','2025-12-12 09:37:21.779502'),(176,35,'UPDATE_NOTIFICATION','1 notificação(ões) marcada(s) como não lida(s)','2025-12-12 09:37:29.088191'),(177,35,'UPDATE_NOTIFICATION','1 notificação(ões) marcada(s) como não lida(s)','2025-12-12 09:37:29.093851'),(178,35,'UPDATE_NOTIFICATION','1 notificação(ões) marcada(s) como não lida(s)','2025-12-12 09:37:59.894320'),(179,35,'UPDATE_NOTIFICATION','1 notificação(ões) marcada(s) como não lida(s)','2025-12-12 09:37:59.916694'),(180,35,'UPDATE_GAMER','Gamer editado: número 8 (ID: 18)','2025-12-12 09:38:02.489986'),(181,17,'CREATE_NOTIFICATION','Notificação criada: accept para usuário 17 (ID: 43)','2025-12-12 09:38:02.511315'),(182,17,'Login','Usuário realizou login no sistema','2025-12-12 09:38:29.844159'),(183,17,'UPDATE_NOTIFICATION','2 notificação(ões) marcada(s) como não lida(s)','2025-12-12 09:38:29.910362'),(184,17,'UPDATE_NOTIFICATION','2 notificação(ões) marcada(s) como não lida(s)','2025-12-12 09:38:29.916496'),(185,35,'Login','Usuário realizou login no sistema','2025-12-12 09:39:38.992915'),(186,34,'CREATE_NOTIFICATION','Notificação criada: team_leave para usuário 34 (ID: 44)','2025-12-12 09:39:52.831261'),(187,17,'Login','Usuário realizou login no sistema','2025-12-12 09:40:06.840506'),(188,17,'Login','Usuário realizou login no sistema','2025-12-12 09:40:22.212941'),(189,35,'Login','Usuário realizou login no sistema','2025-12-12 09:40:51.618165'),(190,34,'CREATE_NOTIFICATION','Notificação criada: team_leave para usuário 34 (ID: 45)','2025-12-12 09:41:04.862846'),(191,34,'CREATE_NOTIFICATION','Notificação criada: team_leave para usuário 34 (ID: 46)','2025-12-12 09:42:01.523693'),(192,34,'Login','Usuário realizou login no sistema','2025-12-12 09:42:29.892784'),(193,34,'UPDATE_NOTIFICATION','3 notificação(ões) marcada(s) como não lida(s)','2025-12-12 09:42:29.992297'),(194,34,'UPDATE_NOTIFICATION','3 notificação(ões) marcada(s) como não lida(s)','2025-12-12 09:42:30.030590'),(195,35,'UPDATE_GAMER','Gamer editado: número 8 (ID: 18)','2025-12-12 09:42:32.395290'),(196,35,'CREATE_NOTIFICATION','Notificação criada: accept para usuário 35 (ID: 47)','2025-12-12 09:42:32.407498'),(197,35,'Login','Usuário realizou login no sistema','2025-12-12 09:42:41.883761'),(198,35,'UPDATE_NOTIFICATION','1 notificação(ões) marcada(s) como não lida(s)','2025-12-12 09:42:41.967801'),(199,35,'UPDATE_NOTIFICATION','1 notificação(ões) marcada(s) como não lida(s)','2025-12-12 09:42:42.049290'),(200,34,'CREATE_NOTIFICATION','Notificação criada: team_accept para usuário 34 (ID: 48)','2025-12-12 09:42:52.826112'),(201,34,'Login','Usuário realizou login no sistema','2025-12-12 09:43:00.917101'),(202,34,'UPDATE_NOTIFICATION','1 notificação(ões) marcada(s) como não lida(s)','2025-12-12 09:43:01.009844'),(203,34,'UPDATE_NOTIFICATION','1 notificação(ões) marcada(s) como não lida(s)','2025-12-12 09:43:01.027941'),(204,35,'UPDATE_GAMER','Gamer editado: número 8 (ID: 18)','2025-12-12 09:43:04.926481'),(205,35,'CREATE_NOTIFICATION','Notificação criada: accept para usuário 35 (ID: 49)','2025-12-12 09:43:04.938206'),(206,35,'UPDATE_GAMER','Gamer editado: número 8 (ID: 18)','2025-12-12 09:43:04.986987'),(207,35,'CREATE_NOTIFICATION','Notificação criada: accept para usuário 35 (ID: 50)','2025-12-12 09:43:04.994507'),(208,35,'Login','Usuário realizou login no sistema','2025-12-12 09:43:12.637522'),(209,35,'UPDATE_NOTIFICATION','2 notificação(ões) marcada(s) como não lida(s)','2025-12-12 09:43:12.743536'),(210,35,'UPDATE_NOTIFICATION','2 notificação(ões) marcada(s) como não lida(s)','2025-12-12 09:43:12.750879'),(211,34,'CREATE_NOTIFICATION','Notificação criada: team_leave para usuário 34 (ID: 51)','2025-12-12 09:43:32.935508'),(212,34,'Login','Usuário realizou login no sistema','2025-12-12 09:43:43.187509'),(213,34,'UPDATE_NOTIFICATION','1 notificação(ões) marcada(s) como não lida(s)','2025-12-12 09:43:43.236577'),(214,34,'UPDATE_NOTIFICATION','1 notificação(ões) marcada(s) como não lida(s)','2025-12-12 09:43:43.248672'),(215,35,'UPDATE_GAMER','Gamer editado: número 8 (ID: 18)','2025-12-12 09:43:46.112405'),(216,35,'CREATE_NOTIFICATION','Notificação criada: accept para usuário 35 (ID: 52)','2025-12-12 09:43:46.123301'),(217,35,'CREATE_NOTIFICATION','Notificação criada: team_invite para usuário 35 (ID: 53)','2025-12-12 09:53:42.978484'),(218,35,'Login','Usuário realizou login no sistema','2025-12-12 09:54:07.519105'),(219,35,'UPDATE_NOTIFICATION','2 notificação(ões) marcada(s) como não lida(s)','2025-12-12 09:54:07.593594'),(220,35,'UPDATE_NOTIFICATION','2 notificação(ões) marcada(s) como não lida(s)','2025-12-12 09:54:07.599873'),(221,35,'UPDATE_GAMER','Gamer editado: número 8 (ID: 18)','2025-12-12 09:54:16.347084'),(222,35,'UPDATE_GAMER','Gamer editado: número 8 (ID: 18)','2025-12-12 09:56:57.801209'),(223,35,'UPDATE_NOTIFICATION','1 notificação(ões) marcada(s) como não lida(s)','2025-12-12 09:57:15.209187'),(224,35,'UPDATE_NOTIFICATION','1 notificação(ões) marcada(s) como não lida(s)','2025-12-12 09:57:15.224802'),(225,35,'UPDATE_GAMER','Gamer editado: número 8 (ID: 18)','2025-12-12 09:57:16.740955'),(226,35,'CREATE_NOTIFICATION','Notificação criada: accept para usuário 35 (ID: 54)','2025-12-12 09:57:16.750822'),(227,34,'Login','Usuário realizou login no sistema','2025-12-12 09:57:40.090796'),(228,18,'Login','Usuário realizou login no sistema','2025-12-12 14:07:48.766713'),(229,35,'Login','Usuário realizou login no sistema','2025-12-12 14:09:41.131091'),(230,35,'UPDATE_NOTIFICATION','1 notificação(ões) marcada(s) como não lida(s)','2025-12-12 14:09:41.234352'),(231,35,'UPDATE_NOTIFICATION','1 notificação(ões) marcada(s) como não lida(s)','2025-12-12 14:09:41.245279'),(232,34,'CREATE_NOTIFICATION','Notificação criada: team_leave para usuário 34 (ID: 55)','2025-12-12 14:09:58.033841'),(233,34,'Login','Usuário realizou login no sistema','2025-12-12 14:10:14.005232'),(234,34,'UPDATE_NOTIFICATION','1 notificação(ões) marcada(s) como não lida(s)','2025-12-12 14:10:14.095857'),(235,34,'UPDATE_NOTIFICATION','1 notificação(ões) marcada(s) como não lida(s)','2025-12-12 14:10:14.103373'),(236,35,'UPDATE_GAMER','Gamer editado: número 8 (ID: 18)','2025-12-12 14:10:19.151586'),(237,35,'CREATE_NOTIFICATION','Notificação criada: accept para usuário 35 (ID: 56)','2025-12-12 14:10:19.165164'),(238,35,'Login','Usuário realizou login no sistema','2025-12-12 14:10:25.414919'),(239,35,'UPDATE_NOTIFICATION','1 notificação(ões) marcada(s) como não lida(s)','2025-12-12 14:10:25.458534'),(240,35,'UPDATE_NOTIFICATION','1 notificação(ões) marcada(s) como não lida(s)','2025-12-12 14:10:25.481558'),(241,34,'CREATE_NOTIFICATION','Notificação criada: team_accept para usuário 34 (ID: 57)','2025-12-12 14:25:32.433310'),(242,34,'Login','Usuário realizou login no sistema','2025-12-12 14:25:46.391462'),(243,34,'UPDATE_NOTIFICATION','1 notificação(ões) marcada(s) como não lida(s)','2025-12-12 14:25:46.501385'),(244,34,'UPDATE_NOTIFICATION','1 notificação(ões) marcada(s) como não lida(s)','2025-12-12 14:25:46.515569'),(245,35,'UPDATE_GAMER','Gamer editado: número 8 (ID: 18)','2025-12-12 14:25:52.607589'),(246,35,'CREATE_NOTIFICATION','Notificação criada: accept para usuário 35 (ID: 58)','2025-12-12 14:25:52.635577'),(247,35,'Login','Usuário realizou login no sistema','2025-12-12 14:26:04.454698'),(248,35,'UPDATE_NOTIFICATION','1 notificação(ões) marcada(s) como não lida(s)','2025-12-12 14:26:04.534189'),(249,35,'UPDATE_NOTIFICATION','1 notificação(ões) marcada(s) como não lida(s)','2025-12-12 14:26:04.538490'),(250,34,'CREATE_NOTIFICATION','Notificação criada: team_leave para usuário 34 (ID: 59)','2025-12-12 14:26:20.846238'),(251,34,'Login','Usuário realizou login no sistema','2025-12-12 14:26:28.590388'),(252,34,'UPDATE_NOTIFICATION','1 notificação(ões) marcada(s) como não lida(s)','2025-12-12 14:26:28.664241'),(253,34,'UPDATE_NOTIFICATION','1 notificação(ões) marcada(s) como não lida(s)','2025-12-12 14:26:28.707154'),(254,35,'UPDATE_GAMER','Gamer editado: número 8 (ID: 18)','2025-12-12 14:26:31.756199'),(255,35,'CREATE_NOTIFICATION','Notificação criada: accept para usuário 35 (ID: 60)','2025-12-12 14:26:31.771026'),(256,35,'Login','Usuário realizou login no sistema','2025-12-12 14:26:43.657711'),(257,35,'UPDATE_NOTIFICATION','1 notificação(ões) marcada(s) como não lida(s)','2025-12-12 14:26:43.730682'),(258,35,'UPDATE_NOTIFICATION','1 notificação(ões) marcada(s) como não lida(s)','2025-12-12 14:26:43.737774'),(259,34,'Login','Usuário realizou login no sistema','2025-12-12 14:27:03.878501'),(260,18,'Login','Usuário realizou login no sistema','2026-01-07 14:09:04.395377'),(261,34,'Login','Usuário realizou login no sistema','2026-01-07 14:15:30.731820'),(262,19,'CREATE_NOTIFICATION','Notificação criada: team_invite para usuário 19 (ID: 61)','2026-01-07 14:20:19.885387'),(263,19,'Login','Usuário realizou login no sistema','2026-01-07 14:25:10.313689'),(264,19,'UPDATE_NOTIFICATION','1 notificação(ões) marcada(s) como não lida(s)','2026-01-07 14:25:10.425832'),(265,19,'UPDATE_NOTIFICATION','1 notificação(ões) marcada(s) como não lida(s)','2026-01-07 14:25:10.446810'),(266,19,'UPDATE_GAMER','Gamer editado: número 19 (ID: 5)','2026-01-07 14:25:27.936726'),(267,19,'CREATE_NOTIFICATION','Notificação criada: accept para usuário 19 (ID: 62)','2026-01-07 14:25:27.954153'),(268,34,'Login','Usuário realizou login no sistema','2026-01-07 14:26:30.011095'),(269,19,'Login','Usuário realizou login no sistema','2026-01-07 14:26:58.883115'),(270,19,'UPDATE_NOTIFICATION','1 notificação(ões) marcada(s) como não lida(s)','2026-01-07 14:26:58.966224'),(271,19,'UPDATE_NOTIFICATION','1 notificação(ões) marcada(s) como não lida(s)','2026-01-07 14:26:58.992808'),(272,34,'CREATE_NOTIFICATION','Notificação criada: team_leave para usuário 34 (ID: 63)','2026-01-07 14:27:47.351206'),(273,34,'Login','Usuário realizou login no sistema','2026-01-07 14:27:59.387548'),(274,34,'UPDATE_NOTIFICATION','1 notificação(ões) marcada(s) como não lida(s)','2026-01-07 14:27:59.480607'),(275,34,'UPDATE_NOTIFICATION','1 notificação(ões) marcada(s) como não lida(s)','2026-01-07 14:27:59.504030'),(276,19,'UPDATE_GAMER','Gamer editado: número 19 (ID: 5)','2026-01-07 14:28:02.850598'),(277,19,'CREATE_NOTIFICATION','Notificação criada: accept para usuário 19 (ID: 64)','2026-01-07 14:28:02.868107'),(278,19,'Login','Usuário realizou login no sistema','2026-01-07 14:28:15.547210'),(279,19,'UPDATE_NOTIFICATION','1 notificação(ões) marcada(s) como não lida(s)','2026-01-07 14:28:15.666758'),(280,19,'UPDATE_NOTIFICATION','1 notificação(ões) marcada(s) como não lida(s)','2026-01-07 14:28:15.681369'),(281,34,'Login','Usuário realizou login no sistema','2026-01-07 14:28:28.811518'),(282,19,'Login','Usuário realizou login no sistema','2026-01-07 14:31:42.259640'),(283,34,'Login','Usuário realizou login no sistema','2026-01-07 14:31:53.958731'),(284,19,'CREATE_NOTIFICATION','Notificação criada: team_invite para usuário 19 (ID: 69)','2026-01-07 14:31:57.252703'),(285,19,'Login','Usuário realizou login no sistema','2026-01-07 14:32:03.770230'),(286,19,'UPDATE_NOTIFICATION','1 notificação(ões) marcada(s) como não lida(s)','2026-01-07 14:32:03.833427'),(287,19,'UPDATE_NOTIFICATION','1 notificação(ões) marcada(s) como não lida(s)','2026-01-07 14:32:03.842584'),(288,19,'UPDATE_GAMER','Gamer editado: número 19 (ID: 5)','2026-01-07 14:34:14.432833'),(289,19,'CREATE_NOTIFICATION','Notificação criada: accept para usuário 19 (ID: 70)','2026-01-07 14:34:14.444065'),(290,19,'UPDATE_NOTIFICATION','1 notificação(ões) marcada(s) como não lida(s)','2026-01-07 14:34:29.498860'),(291,19,'UPDATE_NOTIFICATION','1 notificação(ões) marcada(s) como não lida(s)','2026-01-07 14:34:29.536835'),(292,34,'CREATE_NOTIFICATION','Notificação criada: team_leave para usuário 34 (ID: 71)','2026-01-07 14:34:34.957306'),(293,34,'Login','Usuário realizou login no sistema','2026-01-07 14:34:47.373849'),(294,34,'UPDATE_NOTIFICATION','1 notificação(ões) marcada(s) como não lida(s)','2026-01-07 14:34:47.473867'),(295,34,'UPDATE_NOTIFICATION','1 notificação(ões) marcada(s) como não lida(s)','2026-01-07 14:34:47.481493'),(296,19,'UPDATE_GAMER','Gamer editado: número 19 (ID: 5)','2026-01-07 14:34:52.949360'),(297,19,'CREATE_NOTIFICATION','Notificação criada: accept para usuário 19 (ID: 72)','2026-01-07 14:34:52.956128'),(298,19,'CREATE_NOTIFICATION','Notificação criada: team_invite para usuário 19 (ID: 73)','2026-01-07 14:35:01.271645'),(299,19,'Login','Usuário realizou login no sistema','2026-01-07 14:35:08.295343'),(300,19,'UPDATE_NOTIFICATION','2 notificação(ões) marcada(s) como não lida(s)','2026-01-07 14:35:08.398485'),(301,19,'UPDATE_NOTIFICATION','2 notificação(ões) marcada(s) como não lida(s)','2026-01-07 14:35:08.411942'),(302,19,'UPDATE_GAMER','Gamer editado: número 19 (ID: 5)','2026-01-07 14:35:19.824539'),(303,34,'CREATE_NOTIFICATION','Notificação criada: accept para usuário 34 (ID: 74)','2026-01-07 14:35:19.835572'),(304,34,'Login','Usuário realizou login no sistema','2026-01-07 14:35:38.324883'),(305,34,'UPDATE_NOTIFICATION','1 notificação(ões) marcada(s) como não lida(s)','2026-01-07 14:35:38.447245'),(306,34,'UPDATE_NOTIFICATION','1 notificação(ões) marcada(s) como não lida(s)','2026-01-07 14:35:38.454998'),(307,19,'Login','Usuário realizou login no sistema','2026-01-07 14:35:49.897910'),(308,34,'CREATE_NOTIFICATION','Notificação criada: team_leave para usuário 34 (ID: 75)','2026-01-07 14:35:55.445466'),(309,34,'Login','Usuário realizou login no sistema','2026-01-07 14:36:11.701158'),(310,34,'UPDATE_NOTIFICATION','1 notificação(ões) marcada(s) como não lida(s)','2026-01-07 14:36:11.761340'),(311,34,'UPDATE_NOTIFICATION','1 notificação(ões) marcada(s) como não lida(s)','2026-01-07 14:36:11.785017'),(312,19,'UPDATE_GAMER','Gamer editado: número 19 (ID: 5)','2026-01-07 14:36:13.640932'),(313,19,'CREATE_NOTIFICATION','Notificação criada: accept para usuário 19 (ID: 76)','2026-01-07 14:36:13.650756'),(314,19,'Login','Usuário realizou login no sistema','2026-01-07 14:36:22.021404'),(315,19,'UPDATE_NOTIFICATION','1 notificação(ões) marcada(s) como não lida(s)','2026-01-07 14:36:22.071992'),(316,19,'UPDATE_NOTIFICATION','1 notificação(ões) marcada(s) como não lida(s)','2026-01-07 14:36:22.098615'),(317,18,'Login','Usuário realizou login no sistema','2026-01-07 14:42:10.559650'),(318,18,'Login','Usuário realizou login no sistema','2026-01-16 11:18:33.002358'),(319,18,'Login','Usuário realizou login no sistema','2026-01-16 11:20:03.392716'),(320,18,'Login','Usuário realizou login no sistema','2026-01-16 13:45:30.028602'),(321,17,'Login','Usuário realizou login no sistema','2026-01-16 13:46:13.340707'),(322,17,'Login','Usuário realizou login no sistema','2026-01-16 13:48:05.200684'),(323,18,'Login','Usuário realizou login no sistema','2026-01-16 14:06:12.196311'),(324,18,'Login','Usuário realizou login no sistema','2026-01-16 14:11:31.859086'),(325,17,'Login','Usuário realizou login no sistema','2026-01-16 14:56:20.844575'),(326,18,'Login','Usuário realizou login no sistema','2026-01-19 11:28:44.276488'),(327,18,'Login','Usuário realizou login no sistema','2026-01-19 14:47:59.093755'),(328,18,'Login','Usuário realizou login no sistema','2026-01-19 14:49:51.214264'),(329,18,'Login','Usuário realizou login no sistema','2026-01-19 15:30:24.816067'),(330,18,'Login','Usuário realizou login no sistema','2026-01-19 15:34:42.661427'),(331,18,'Login','Usuário realizou login no sistema','2026-01-19 15:34:56.241236'),(332,18,'Login','Usuário realizou login no sistema','2026-01-19 15:42:37.182185'),(333,18,'Login','Usuário realizou login no sistema','2026-01-19 15:51:02.660163'),(334,18,'Login','Usuário realizou login no sistema','2026-01-19 15:55:21.483720'),(335,18,'Login','Usuário realizou login no sistema','2026-01-19 15:57:29.473057'),(336,18,'Login','Usuário realizou login no sistema','2026-01-19 15:58:23.924641'),(337,18,'Login','Usuário realizou login no sistema','2026-01-19 16:05:35.509453'),(338,18,'Login','Usuário realizou login no sistema','2026-01-19 16:06:00.413187'),(339,18,'Login','Usuário realizou login no sistema','2026-01-19 16:07:35.248371'),(340,18,'Login','Usuário realizou login no sistema','2026-01-19 16:08:33.305246'),(341,18,'Login','Usuário realizou login no sistema','2026-01-19 16:11:38.889473'),(342,18,'Login','Usuário realizou login no sistema','2026-01-19 16:12:34.956584'),(343,18,'Login','Usuário realizou login no sistema','2026-01-19 16:15:34.025989'),(344,18,'Login','Usuário realizou login no sistema','2026-01-19 16:18:10.128897'),(345,18,'Login','Usuário realizou login no sistema','2026-01-19 16:24:18.059909'),(346,18,'Login','Usuário realizou login no sistema','2026-01-19 16:25:05.958582'),(347,18,'Login','Usuário realizou login no sistema','2026-01-19 16:27:52.374044'),(348,18,'Login','Usuário realizou login no sistema','2026-01-19 16:27:59.858585'),(349,18,'Login','Usuário realizou login no sistema','2026-01-19 16:28:13.122483'),(350,18,'Login','Usuário realizou login no sistema','2026-01-19 16:28:26.180389'),(351,18,'Login','Usuário realizou login no sistema','2026-01-19 16:35:35.123521'),(352,18,'Login','Usuário realizou login no sistema','2026-01-19 16:36:14.356046'),(353,18,'Login','Usuário realizou login no sistema','2026-01-19 16:36:58.887636'),(354,18,'Login','Usuário realizou login no sistema','2026-01-19 16:39:33.042361'),(355,18,'UPDATE_MATCH','Partida editada (ID: 13) -Status: playing  ','2026-01-19 16:39:46.361715'),(356,18,'Login','Usuário realizou login no sistema','2026-01-19 16:39:55.580575'),(357,18,'UPDATE_MATCH','Partida editada (ID: 13) -Status: finished  ','2026-01-19 16:40:19.242040'),(358,18,'DELETE_MATCH','Partida deletada (ID: 17)','2026-01-19 16:40:46.067577'),(359,18,'Login','Usuário realizou login no sistema','2026-01-19 16:40:50.291056'),(360,18,'CREATE_METRIC','Métrica criada: gol (quantidade: 1) para gamer 14 (ID: 28)','2026-01-19 16:42:46.509929'),(361,31,'UPDATE_GAMER','Gamer editado: número 15, score atualizado (ID: 14)','2026-01-19 16:42:46.521083'),(362,18,'UPDATE_MATCH','Partida editada (ID: 19) -  , Vencedor: 5','2026-01-19 16:45:03.438952'),(363,18,'UPDATE_MATCH','Partida editada (ID: 19) - , Scoreboard: 0 - 2 ','2026-01-19 16:45:08.560185'),(364,18,'UPDATE_MATCH','Partida editada (ID: 19) - , Scoreboard: 0 - 2 ','2026-01-19 16:46:23.334677'),(365,18,'CREATE_MATCH','Partida criada: Time 24 vs Time 20 (ID: 29)','2026-01-19 16:51:37.530011'),(366,18,'DELETE_AWARD_CHAMPIONSHIP','1 prêmio(s) removido(s) do campeonato','2026-01-19 16:52:11.617811'),(367,18,'UPDATE_CHAMPIONSHIP','Campeonato editado: Campeonatinho do ju2 (ID: 17)','2026-01-19 16:52:11.642254'),(368,18,'Login','Usuário realizou login no sistema','2026-01-19 16:53:41.795691'),(369,17,'Login','Usuário realizou login no sistema','2026-01-19 16:54:11.583712'),(370,34,'CREATE_NOTIFICATION','Notificação criada: team_leave para usuário 34 (ID: 77)','2026-01-19 16:54:32.250631'),(371,34,'Login','Usuário realizou login no sistema','2026-01-19 16:55:13.691250'),(372,34,'UPDATE_NOTIFICATION','1 notificação(ões) marcada(s) como não lida(s)','2026-01-19 16:55:13.764968'),(373,34,'UPDATE_NOTIFICATION','1 notificação(ões) marcada(s) como não lida(s)','2026-01-19 16:55:13.788398'),(374,34,'UPDATE_NOTIFICATION','1 notificação(ões) marcada(s) como não lida(s)','2026-01-19 16:56:59.482420'),(375,34,'UPDATE_NOTIFICATION','1 notificação(ões) marcada(s) como não lida(s)','2026-01-19 16:56:59.487009'),(376,34,'Login','Usuário realizou login no sistema','2026-01-19 16:57:04.021575'),(377,34,'UPDATE_NOTIFICATION','1 notificação(ões) marcada(s) como não lida(s)','2026-01-19 16:58:18.688412'),(378,34,'UPDATE_NOTIFICATION','1 notificação(ões) marcada(s) como não lida(s)','2026-01-19 16:58:18.695954'),(379,34,'Login','Usuário realizou login no sistema','2026-01-19 16:58:21.632718'),(380,17,'CREATE_NOTIFICATION','Notificação criada: decline para usuário 17 (ID: 78)','2026-01-19 16:58:30.969863'),(381,17,'Login','Usuário realizou login no sistema','2026-01-19 16:58:40.406190'),(382,17,'UPDATE_NOTIFICATION','1 notificação(ões) marcada(s) como não lida(s)','2026-01-19 16:58:40.457777'),(383,17,'UPDATE_NOTIFICATION','1 notificação(ões) marcada(s) como não lida(s)','2026-01-19 16:58:40.475564'),(384,34,'CREATE_NOTIFICATION','Notificação criada: team_leave para usuário 34 (ID: 79)','2026-01-19 16:58:48.786209'),(385,34,'Login','Usuário realizou login no sistema','2026-01-19 16:58:57.386532'),(386,34,'UPDATE_NOTIFICATION','1 notificação(ões) marcada(s) como não lida(s)','2026-01-19 16:58:57.453819'),(387,34,'UPDATE_NOTIFICATION','1 notificação(ões) marcada(s) como não lida(s)','2026-01-19 16:58:57.460335'),(388,17,'UPDATE_GAMER','Gamer editado: número 17 (ID: 3)','2026-01-19 16:58:58.930999'),(389,17,'CREATE_NOTIFICATION','Notificação criada: accept para usuário 17 (ID: 80)','2026-01-19 16:58:58.938994'),(390,17,'Login','Usuário realizou login no sistema','2026-01-19 16:59:10.550300'),(391,17,'UPDATE_NOTIFICATION','1 notificação(ões) marcada(s) como não lida(s)','2026-01-19 16:59:10.631130'),(392,17,'UPDATE_NOTIFICATION','1 notificação(ões) marcada(s) como não lida(s)','2026-01-19 16:59:10.648403'),(393,34,'CREATE_NOTIFICATION','Notificação criada: team_accept para usuário 34 (ID: 81)','2026-01-19 16:59:28.675904'),(394,34,'Login','Usuário realizou login no sistema','2026-01-19 16:59:36.975507'),(395,34,'UPDATE_NOTIFICATION','1 notificação(ões) marcada(s) como não lida(s)','2026-01-19 16:59:37.046612'),(396,34,'UPDATE_NOTIFICATION','1 notificação(ões) marcada(s) como não lida(s)','2026-01-19 16:59:37.050528'),(397,17,'UPDATE_GAMER','Gamer editado: número 17 (ID: 3)','2026-01-19 16:59:40.154305'),(398,17,'CREATE_NOTIFICATION','Notificação criada: accept para usuário 17 (ID: 82)','2026-01-19 16:59:40.166221'),(399,17,'Login','Usuário realizou login no sistema','2026-01-19 16:59:46.226073'),(400,17,'UPDATE_NOTIFICATION','1 notificação(ões) marcada(s) como não lida(s)','2026-01-19 16:59:46.315732'),(401,17,'UPDATE_NOTIFICATION','1 notificação(ões) marcada(s) como não lida(s)','2026-01-19 16:59:46.323082'),(402,18,'Login','Usuário realizou login no sistema','2026-01-20 13:23:12.376908'),(403,18,'Login','Usuário realizou login no sistema','2026-01-20 13:24:32.805453'),(404,18,'Login','Usuário realizou login no sistema','2026-01-20 13:40:45.287378'),(405,17,'Login','Usuário realizou login no sistema','2026-01-20 13:42:42.747398'),(406,17,'UPDATE_USER','Usuário editado: Julian Alves (julian.teste2@teste.com)','2026-01-20 13:43:16.731871'),(407,17,'Login','Usuário realizou login no sistema','2026-01-20 13:43:29.119890'),(408,18,'Login','Usuário realizou login no sistema','2026-01-20 13:45:03.871131'),(409,18,'Login','Usuário realizou login no sistema','2026-01-20 13:46:44.635617'),(410,18,'Login','Usuário realizou login no sistema','2026-01-20 13:49:54.572781'),(411,18,'Login','Usuário realizou login no sistema','2026-01-20 13:58:06.591667'),(412,18,'Login','Usuário realizou login no sistema','2026-01-21 08:42:35.319555'),(413,18,'Login','Usuário realizou login no sistema','2026-01-21 10:19:06.244853'),(414,18,'Login','Usuário realizou login no sistema','2026-01-21 10:20:26.284562'),(415,18,'Login','Usuário realizou login no sistema','2026-01-21 10:21:24.553558'),(416,18,'Login','Usuário realizou login no sistema','2026-01-21 10:21:34.773396'),(417,18,'Login','Usuário realizou login no sistema','2026-01-21 10:21:37.917478'),(418,18,'Login','Usuário realizou login no sistema','2026-01-21 10:34:31.477046'),(419,18,'Login','Usuário realizou login no sistema','2026-01-21 10:37:53.108570'),(420,18,'Login','Usuário realizou login no sistema','2026-01-21 10:50:45.983622'),(421,18,'CREATE_CHAMPIONSHIP','Campeonato criado: Julian (ID: 25)','2026-01-21 10:56:40.253675'),(422,18,'Login','Usuário realizou login no sistema','2026-01-21 10:58:20.033304'),(423,18,'Login','Usuário realizou login no sistema','2026-01-21 11:14:39.511691'),(424,18,'Login','Usuário realizou login no sistema','2026-01-21 11:14:47.700805'),(425,18,'Login','Usuário realizou login no sistema','2026-01-21 11:16:36.280918'),(426,18,'Login','Usuário realizou login no sistema','2026-01-21 11:16:41.210511'),(427,18,'Login','Usuário realizou login no sistema','2026-01-21 11:16:50.218232'),(428,18,'Login','Usuário realizou login no sistema','2026-01-21 11:19:08.072570'),(429,18,'Login','Usuário realizou login no sistema','2026-01-21 11:34:56.116698'),(430,18,'Login','Usuário realizou login no sistema','2026-01-21 11:35:57.347952'),(431,18,'Login','Usuário realizou login no sistema','2026-01-21 11:39:46.194904'),(432,18,'Login','Usuário realizou login no sistema','2026-01-21 11:39:58.679879'),(433,18,'Login','Usuário realizou login no sistema','2026-01-21 13:06:19.061965'),(434,18,'Login','Usuário realizou login no sistema','2026-01-21 13:06:24.469934'),(435,18,'Login','Usuário realizou login no sistema','2026-01-23 09:47:22.471541'),(436,18,'CREATE_MATCH','Partida criada: Time 24 vs Time 19 (ID: 30)','2026-01-23 10:46:20.749555'),(437,18,'UPDATE_MATCH','Partida editada (ID: 7) - , Scoreboard: 1 - 0 ','2026-01-23 14:46:03.170524'),(438,18,'UPDATE_MATCH','Partida editada (ID: 19) -Status: playing  ','2026-01-23 15:58:37.040435'),(439,18,'UPDATE_MATCH','Partida editada (ID: 11) - , Scoreboard: 2 - 2 ','2026-01-23 16:16:09.414012'),(440,18,'Login','Usuário realizou login no sistema','2026-01-26 13:37:19.792997'),(441,18,'Login','Usuário realizou login no sistema','2026-01-26 13:44:45.011786'),(442,18,'UPDATE_MATCH','Partida editada (ID: 7) - , Scoreboard: 1 - 0 ','2026-01-26 14:14:35.607552'),(443,18,'CREATE_METRIC','Métrica criada: gol (quantidade: 1) para gamer 14 (ID: 29)','2026-01-26 17:27:33.234811'),(444,18,'UPDATE_MATCH','Partida editada (ID: 11) - , Scoreboard: 2 - 2 ','2026-01-27 08:21:59.951171'),(445,18,'UPDATE_MATCH','Partida editada (ID: 11) -Status: playing  ','2026-01-27 08:22:05.481724'),(446,18,'CREATE_METRIC','Métrica criada: gol (quantidade: 1) para gamer 14 (ID: 30)','2026-01-27 08:22:37.308892'),(447,18,'Login','Usuário realizou login no sistema','2026-01-27 08:28:09.626916'),(448,18,'Login','Usuário realizou login no sistema','2026-01-27 09:13:03.226673'),(449,18,'CREATE_METRIC','Métrica criada: gol (quantidade: 1) para gamer 14 (ID: 31)','2026-01-27 09:15:12.327908'),(450,31,'UPDATE_GAMER','Gamer editado: número 15, score atualizado (ID: 14)','2026-01-27 09:15:12.344253'),(451,21,'Login','Usuário realizou login no sistema','2026-01-27 10:40:08.221799'),(452,21,'CREATE_TEAM','Time criado: Helder ring (ID: 25)','2026-01-27 10:43:20.421332'),(453,21,'UPDATE_TEAM','Time editado: Helder ring (ID: 25) - Logo atualizado','2026-01-27 10:46:26.982597'),(454,21,'UPDATE_TEAM','Time editado: Helder ring (ID: 25) - Logo atualizado','2026-01-27 10:46:54.455695'),(455,18,'Login','Usuário realizou login no sistema','2026-01-27 11:10:10.466324'),(456,18,'UPDATE_TEAM','Time editado: time do ju2444 (ID: 6) - Logo atualizado','2026-01-27 11:10:33.411691'),(457,19,'Login','Usuário realizou login no sistema','2026-01-27 11:14:38.551797'),(458,19,'UPDATE_TEAM','Time editado: Teste pfvr funciona eu imploro (ID: 17) - Logo atualizado','2026-01-27 11:15:01.623285'),(459,17,'Login','Usuário realizou login no sistema','2026-01-27 11:21:52.568707'),(460,20,'Login','Usuário realizou login no sistema','2026-01-27 11:22:16.522790'),(461,21,'Login','Usuário realizou login no sistema','2026-01-27 11:22:35.177148'),(462,22,'Login','Usuário realizou login no sistema','2026-01-27 11:22:46.712487'),(463,22,'UPDATE_TEAM','Time editado: teste julian vai vincular (ID: 19) - Logo atualizado','2026-01-27 11:23:44.129941'),(464,23,'Login','Usuário realizou login no sistema','2026-01-27 11:28:59.607471'),(465,23,'UPDATE_TEAM','Time editado: Time do gamehub2 (ID: 20) - Logo atualizado','2026-01-27 11:29:25.972906'),(466,24,'Login','Usuário realizou login no sistema','2026-01-27 11:29:44.619285'),(467,25,'Login','Usuário realizou login no sistema','2026-01-27 11:29:59.577977'),(468,26,'Login','Usuário realizou login no sistema','2026-01-27 11:30:11.990081'),(469,26,'UPDATE_TEAM','Time editado: Time de teste pro novo input  (ID: 22) - Logo atualizado','2026-01-27 11:30:36.687729'),(470,27,'Login','Usuário realizou login no sistema','2026-01-27 11:31:02.587768'),(471,28,'Login','Usuário realizou login no sistema','2026-01-27 11:31:17.679619'),(472,29,'Login','Usuário realizou login no sistema','2026-01-27 11:31:26.133936'),(473,30,'Login','Usuário realizou login no sistema','2026-01-27 11:31:34.999566'),(474,31,'Login','Usuário realizou login no sistema','2026-01-27 11:31:46.085745'),(475,32,'Login','Usuário realizou login no sistema','2026-01-27 11:32:00.746514'),(476,33,'Login','Usuário realizou login no sistema','2026-01-27 11:32:09.981458'),(477,33,'UPDATE_TEAM','Time editado: teste do s3 (ID: 23) - Logo atualizado','2026-01-27 11:32:29.198457'),(478,34,'Login','Usuário realizou login no sistema','2026-01-27 11:32:40.692344'),(479,35,'Login','Usuário realizou login no sistema','2026-01-27 11:32:51.517374'),(480,36,'Login','Usuário realizou login no sistema','2026-01-27 11:33:01.998395'),(481,37,'Login','Usuário realizou login no sistema','2026-01-27 11:33:12.817841'),(482,38,'Login','Usuário realizou login no sistema','2026-01-27 11:33:22.785608'),(483,39,'Login','Usuário realizou login no sistema','2026-01-27 11:33:31.099253'),(484,40,'Login','Usuário realizou login no sistema','2026-01-27 11:33:40.352943'),(485,18,'Login','Usuário realizou login no sistema','2026-01-27 11:35:47.493761'),(486,18,'UPDATE_MATCH','Partida editada (ID: 28) -  , Vencedor: 10','2026-01-27 11:35:57.374665'),(487,18,'CREATE_METRIC','Métrica criada: gol (quantidade: 1) para gamer 9 (ID: 32)','2026-01-27 13:21:31.829480'),(488,23,'UPDATE_GAMER','Gamer editado: número 9, score atualizado (ID: 9)','2026-01-27 13:21:31.854558'),(489,18,'UPDATE_TEAM','Time editado: time do ju2444 (ID: 6) - Logo atualizado','2026-01-27 13:47:09.387396'),(490,19,'Login','Usuário realizou login no sistema','2026-01-27 13:57:28.313723'),(491,18,'Login','Usuário realizou login no sistema','2026-01-27 13:57:56.602685'),(492,18,'Login','Usuário realizou login no sistema','2026-01-28 08:45:47.369884'),(493,18,'UPDATE_MATCH','Partida editada (ID: 7) -, Placar: 1 x 0','2026-01-28 09:04:11.084120'),(494,18,'UPDATE_MATCH','Partida editada (ID: 7) -, Placar: 1 x 0','2026-01-28 09:05:02.108347'),(495,18,'UPDATE_MATCH','Partida editada (ID: 7) -Status: playing','2026-01-28 09:08:07.184790'),(496,18,'UPDATE_MATCH','Partida editada (ID: 7) -Status: finished','2026-01-28 09:08:11.521210'),(497,18,'CREATE_METRIC','Métrica criada: gol (quantidade: 1) para gamer 14 (ID: 33)','2026-01-28 09:29:25.886815'),(498,31,'UPDATE_GAMER','Gamer editado: número 15, score atualizado (ID: 14)','2026-01-28 09:29:25.908759'),(499,18,'CREATE_METRIC','Métrica criada: gol (quantidade: 1) para gamer 14 (ID: 34)','2026-01-28 09:30:23.875007'),(500,31,'UPDATE_GAMER','Gamer editado: número 15, score atualizado (ID: 14)','2026-01-28 09:30:23.890188'),(501,18,'CREATE_METRIC','Métrica criada: gol (quantidade: 1) para gamer 14 (ID: 35)','2026-01-28 09:31:34.534762'),(502,31,'UPDATE_GAMER','Gamer editado: número 15, score atualizado (ID: 14)','2026-01-28 09:31:34.550982'),(503,18,'CREATE_METRIC','Métrica criada: gol (quantidade: 1) para gamer 14 (ID: 36)','2026-01-28 09:31:44.071248'),(504,31,'UPDATE_GAMER','Gamer editado: número 15, score atualizado (ID: 14)','2026-01-28 09:31:44.089478'),(505,18,'CREATE_METRIC','Métrica criada: gol (quantidade: 1) para gamer 14 (ID: 37)','2026-01-28 09:32:16.039457'),(506,31,'UPDATE_GAMER','Gamer editado: número 15, score atualizado (ID: 14)','2026-01-28 09:32:16.049625'),(507,18,'CREATE_METRIC','Métrica criada: gol (quantidade: 1) para gamer 14 (ID: 38)','2026-01-28 09:52:09.678862'),(508,31,'UPDATE_GAMER','Gamer editado: número 15, score atualizado (ID: 14)','2026-01-28 09:52:09.697814'),(509,18,'CREATE_METRIC','Métrica criada: gol (quantidade: 1) para gamer 14 (ID: 39)','2026-01-28 09:52:26.557067'),(510,31,'UPDATE_GAMER','Gamer editado: número 15, score atualizado (ID: 14)','2026-01-28 09:52:26.621908'),(511,18,'CREATE_METRIC','Métrica criada: gol (quantidade: 1) para gamer 14 (ID: 40)','2026-01-28 09:54:09.965588'),(512,18,'UPDATE_MATCH','Partida editada (ID: 25) -, Placar: 0 x 1','2026-01-28 09:54:09.992665'),(513,31,'UPDATE_GAMER','Gamer editado: número 15, score atualizado (ID: 14)','2026-01-28 09:54:10.026083'),(514,18,'UPDATE_MATCH','Partida editada (ID: 25) -Status: playing','2026-01-28 09:54:23.311839'),(515,18,'UPDATE_MATCH','Partida editada (ID: 25) -Status: finished','2026-01-28 09:54:28.850545'),(516,18,'UPDATE_MATCH','Partida editada (ID: 25) -, Vencedor: 5','2026-01-28 09:54:28.866231'),(517,18,'UPDATE_MATCH','Partida editada (ID: 24) -Status: playing','2026-01-28 09:58:16.358855'),(518,18,'UPDATE_MATCH','Partida editada (ID: 24) -Status: finished','2026-01-28 09:59:08.781196'),(519,18,'UPDATE_MATCH','Partida editada (ID: 24) -','2026-01-28 09:59:08.792119'),(520,18,'UPDATE_MATCH','Partida editada (ID: 23) -Status: playing','2026-01-28 10:52:38.969108'),(521,18,'UPDATE_MATCH','Partida editada (ID: 23) -Status: finished','2026-01-28 10:52:48.266822'),(522,18,'UPDATE_MATCH','Partida editada (ID: 23) -','2026-01-28 10:52:48.287461'),(523,18,'CREATE_MATCH','Partida criada: Time 24 vs Time 25 (ID: 31)','2026-01-28 11:12:26.208098'),(524,20,'Login','Usuário realizou login no sistema','2026-01-28 13:48:43.991805'),(525,21,'CREATE_NOTIFICATION','Notificação criada: team_accept para usuário 21 (ID: 83)','2026-01-28 13:48:53.004195'),(526,21,'Login','Usuário realizou login no sistema','2026-01-28 13:49:27.181121'),(527,21,'UPDATE_NOTIFICATION','1 notificação(ões) marcada(s) como não lida(s)','2026-01-28 13:49:27.300254'),(528,21,'UPDATE_NOTIFICATION','1 notificação(ões) marcada(s) como não lida(s)','2026-01-28 13:49:27.329388'),(529,20,'UPDATE_GAMER','Gamer editado: número 20 (ID: 6)','2026-01-28 13:49:34.190296'),(530,20,'CREATE_NOTIFICATION','Notificação criada: accept para usuário 20 (ID: 84)','2026-01-28 13:49:34.207194'),(531,18,'Login','Usuário realizou login no sistema','2026-01-28 13:50:04.697650'),(532,18,'UPDATE_MATCH','Partida editada (ID: 31) -Status: playing','2026-01-28 13:50:21.946515'),(533,18,'CREATE_METRIC','Métrica criada: gol (quantidade: 1) para gamer 7 (ID: 41)','2026-01-28 13:51:03.377541'),(534,18,'UPDATE_MATCH','Partida editada (ID: 31) -, Placar: 0 x 1','2026-01-28 13:51:03.393643'),(535,21,'UPDATE_GAMER','Gamer editado: número 19, score atualizado (ID: 7)','2026-01-28 13:51:03.403372'),(536,18,'CREATE_METRIC','Métrica criada: gol (quantidade: 1) para gamer 6 (ID: 42)','2026-01-28 13:52:44.355312'),(537,18,'UPDATE_MATCH','Partida editada (ID: 31) -, Placar: 0 x 2','2026-01-28 13:52:44.364162'),(538,20,'UPDATE_GAMER','Gamer editado: número 20, score atualizado (ID: 6)','2026-01-28 13:52:44.379363'),(539,18,'CREATE_METRIC','Métrica criada: gol (quantidade: 1) para gamer 17 (ID: 43)','2026-01-28 13:53:09.884802'),(540,18,'UPDATE_MATCH','Partida editada (ID: 31) -, Placar: 1 x 2','2026-01-28 13:53:09.928928'),(541,34,'UPDATE_GAMER','Gamer editado: número 15, score atualizado (ID: 17)','2026-01-28 13:53:09.940030'),(542,18,'CREATE_METRIC','Métrica criada: falta (quantidade: 1) para gamer 17 (ID: 44)','2026-01-28 13:53:27.700511'),(543,34,'UPDATE_GAMER','Gamer editado: número 15, score atualizado (ID: 17)','2026-01-28 13:53:27.737204'),(544,18,'UPDATE_MATCH','Partida editada (ID: 31) -Status: finished','2026-01-28 13:53:46.738099'),(545,18,'UPDATE_MATCH','Partida editada (ID: 31) -, Vencedor: 25','2026-01-28 13:53:46.777546'),(546,18,'UPDATE_TEAM','Time editado: time do ju2444 (ID: 6) - Logo atualizado','2026-01-28 14:49:49.542359'),(547,18,'UPDATE_USER','Usuário editado: Julian 2 (jujuba@gmail.com)','2026-01-28 16:02:21.512671'),(548,18,'UPDATE_USER','Usuário editado: Julian 2 (jujuba2@gmail.com)','2026-01-28 16:02:32.694944'),(549,18,'UPDATE_USER','Usuário editado: Julian 2 (jujuba@gmail.com)','2026-01-28 16:02:44.771901'),(550,21,'Login','Usuário realizou login no sistema','2026-01-28 16:23:11.172375'),(551,21,'UPDATE_TEAM','Time editado: Helder ring (ID: 25)','2026-01-28 17:10:30.544832'),(552,21,'UPDATE_TEAM','Time editado: Helder ring2 (ID: 25)','2026-01-28 17:14:21.666611'),(553,21,'UPDATE_TEAM','Time editado: Helder Ring (ID: 25)','2026-01-28 17:14:32.085759'),(554,21,'Login','Usuário realizou login no sistema','2026-01-29 08:19:04.860297'),(555,18,'Login','Usuário realizou login no sistema','2026-01-29 08:29:09.539057'),(556,18,'Login','Usuário realizou login no sistema','2026-01-29 12:22:31.728013'),(557,18,'UPDATE_MATCH','Partida editada (ID: 11) -Status: finished','2026-01-29 12:22:55.048501'),(558,18,'UPDATE_MATCH','Partida editada (ID: 11) -','2026-01-29 12:22:55.070358'),(559,18,'UPDATE_MATCH','Partida editada (ID: 19) -Status: finished','2026-01-29 12:23:23.749309'),(560,18,'UPDATE_MATCH','Partida editada (ID: 19) -','2026-01-29 12:23:23.768730'),(561,18,'UPDATE_MATCH','Partida editada (ID: 22) -Status: playing','2026-01-29 12:27:29.787154'),(562,18,'UPDATE_MATCH','Partida editada (ID: 22) -Status: finished','2026-01-29 12:27:58.203087'),(563,18,'UPDATE_MATCH','Partida editada (ID: 22) -','2026-01-29 12:27:58.216705'),(564,18,'UPDATE_MATCH','Partida editada (ID: 27) -Status: playing','2026-01-29 12:38:10.426496'),(565,18,'UPDATE_MATCH','Partida editada (ID: 27) -Status: finished','2026-01-29 12:39:44.146493'),(566,18,'UPDATE_MATCH','Partida editada (ID: 27) -','2026-01-29 12:39:44.163365'),(567,18,'UPDATE_MATCH','Partida editada (ID: 28) -Status: playing','2026-01-29 12:41:14.763469'),(568,18,'UPDATE_MATCH','Partida editada (ID: 28) -Status: finished','2026-01-29 12:44:01.529267'),(569,18,'UPDATE_MATCH','Partida editada (ID: 28) -','2026-01-29 12:44:01.575955'),(570,18,'UPDATE_MATCH','Partida editada (ID: 29) -Status: playing','2026-01-29 12:45:24.384169'),(571,18,'UPDATE_MATCH','Partida editada (ID: 29) -Status: finished','2026-01-29 12:47:11.857007'),(572,18,'UPDATE_MATCH','Partida editada (ID: 29) -','2026-01-29 12:47:11.930543'),(573,18,'UPDATE_MATCH','Partida editada (ID: 30) -Status: playing','2026-01-29 12:48:01.393738'),(574,18,'UPDATE_MATCH','Partida editada (ID: 30) -Status: finished','2026-01-29 12:48:08.446629'),(575,18,'UPDATE_MATCH','Partida editada (ID: 30) -','2026-01-29 12:48:08.513430'),(576,18,'CREATE_MATCH','Partida criada: Time 24 vs Time 20 (ID: 32)','2026-01-29 12:49:46.367196'),(577,18,'UPDATE_MATCH','Partida editada (ID: 32) -Status: playing','2026-01-29 12:50:07.353815'),(578,21,'Login','Usuário realizou login no sistema','2026-01-29 12:58:27.503677'),(579,18,'Login','Usuário realizou login no sistema','2026-02-03 13:37:23.638647'),(580,18,'UPDATE_MATCH','Partida editada (ID: 32) -Status: finished','2026-02-03 13:48:05.756937'),(581,18,'UPDATE_MATCH','Partida editada (ID: 32) -','2026-02-03 13:48:05.782893'),(582,18,'CREATE_MATCH','Partida criada: Time 25 vs Time 20 (ID: 33)','2026-02-03 13:52:00.272446'),(583,18,'UPDATE_MATCH','Partida editada (ID: 33) -Status: playing','2026-02-03 13:52:27.132865'),(584,18,'CREATE_METRIC','Métrica criada: gol (quantidade: 1) para gamer 7 (ID: 45)','2026-02-03 13:52:46.450133'),(585,18,'UPDATE_MATCH','Partida editada (ID: 33) -, Placar: 1 x 0','2026-02-03 13:52:46.468276'),(586,21,'UPDATE_GAMER','Gamer editado: número 19, score atualizado (ID: 7)','2026-02-03 13:52:46.485100'),(587,18,'CREATE_METRIC','Métrica criada: defesa (quantidade: 1) para gamer 6 (ID: 46)','2026-02-03 13:53:06.044306'),(588,20,'UPDATE_GAMER','Gamer editado: número 20, score atualizado (ID: 6)','2026-02-03 13:53:06.059298'),(589,18,'CREATE_METRIC','Métrica criada: cartao vermelho (quantidade: 1) para gamer 9 (ID: 47)','2026-02-03 13:53:37.459423'),(590,23,'UPDATE_GAMER','Gamer editado: número 9, score atualizado (ID: 9)','2026-02-03 13:53:37.472874'),(591,18,'CREATE_METRIC','Métrica criada: gol (quantidade: 1) para gamer 9 (ID: 48)','2026-02-03 13:54:05.608484'),(592,18,'UPDATE_MATCH','Partida editada (ID: 33) -, Placar: 1 x 1','2026-02-03 13:54:05.625948'),(593,23,'UPDATE_GAMER','Gamer editado: número 9, score atualizado (ID: 9)','2026-02-03 13:54:05.640769'),(594,18,'CREATE_METRIC','Métrica criada: gol (quantidade: 1) para gamer 7 (ID: 49)','2026-02-03 13:54:47.253379'),(595,18,'UPDATE_MATCH','Partida editada (ID: 33) -, Placar: 2 x 1','2026-02-03 13:54:47.271364'),(596,21,'UPDATE_GAMER','Gamer editado: número 19, score atualizado (ID: 7)','2026-02-03 13:54:47.284729'),(597,18,'UPDATE_MATCH','Partida editada (ID: 33) -Status: finished','2026-02-03 13:55:11.908803'),(598,18,'UPDATE_MATCH','Partida editada (ID: 33) -, Vencedor: 25','2026-02-03 13:55:11.939087'),(599,21,'Login','Usuário realizou login no sistema','2026-02-03 13:58:53.679022'),(600,21,'Login','Usuário realizou login no sistema','2026-02-03 14:16:30.283334'),(601,21,'Login','Usuário realizou login no sistema','2026-02-03 14:17:33.283336'),(602,21,'Login','Usuário realizou login no sistema','2026-02-03 14:18:51.088799'),(603,21,'Login','Usuário realizou login no sistema','2026-02-03 14:47:09.133731'),(604,41,'CREATE_USER','Usuário criado: Julian testando criar gamer (julian.gamer@gmail.com)','2026-02-03 16:25:23.937351'),(605,42,'CREATE_USER','Usuário criado: Julian testando dnvb a criação (julianCriacao@gmail.com)','2026-02-03 16:28:07.288604'),(606,43,'CREATE_USER','Usuário criado: agora vai certinho (julianAgoravai@gmail.com)','2026-02-03 16:29:11.530026'),(607,43,'CREATE_GAMER','Gamer criado: número 24 (ID: 24)','2026-02-03 16:29:19.440772'),(608,43,'Login','Usuário realizou login no sistema','2026-02-03 16:31:20.046648'),(609,43,'Login','Usuário realizou login no sistema','2026-02-04 10:48:28.820971'),(610,18,'Login','Usuário realizou login no sistema','2026-02-04 11:19:55.189145'),(611,18,'CREATE_MATCH','Partida criada: Time 25 vs Time 24 (ID: 34)','2026-02-04 11:20:13.663844'),(612,18,'UPDATE_MATCH','Partida editada (ID: 34) -Status: playing','2026-02-04 13:47:36.241582'),(613,18,'UPDATE_MATCH','Partida editada (ID: 34) -Status: finished','2026-02-04 14:02:22.813977'),(614,18,'UPDATE_MATCH','Partida editada (ID: 34) -','2026-02-04 14:02:22.831458'),(615,18,'Login','Usuário realizou login no sistema','2026-02-05 16:22:33.880112'),(616,44,'CREATE_USER','Usuário criado: julian testando criação (julianComFoto@gmail.com)','2026-02-06 15:31:23.239061'),(617,44,'CREATE_GAMER','Gamer criado: número 23 (ID: 25)','2026-02-06 15:31:53.878156'),(618,44,'Login','Usuário realizou login no sistema','2026-02-06 15:31:57.787855'),(619,44,'Login','Usuário realizou login no sistema','2026-02-06 15:32:12.590306'),(620,44,'Login','Usuário realizou login no sistema','2026-02-06 15:32:23.092229'),(621,18,'Login','Usuário realizou login no sistema','2026-02-06 15:38:01.454551'),(622,18,'UPDATE_USER','Usuário editado: Julian 2 (jujuba@gmail.com)','2026-02-06 16:10:46.671671'),(623,18,'Login','Usuário realizou login no sistema','2026-02-09 19:19:01.743113'),(624,18,'Login','Usuário realizou login no sistema','2026-02-17 14:28:28.550824'),(625,21,'Login','Usuário realizou login no sistema','2026-02-17 14:35:53.556971'),(626,21,'UPDATE_USER','Usuário editado: Julian coach2 (julian@gmail.com)','2026-02-17 14:45:47.257040'),(627,18,'Login','Usuário realizou login no sistema','2026-02-17 14:46:00.473858'),(628,18,'UPDATE_USER','Usuário editado: Julian Alves (jujuba@gmail.com)','2026-02-17 14:46:10.899880'),(629,18,'Login','Usuário realizou login no sistema','2026-02-19 13:11:38.977452');
/*!40000 ALTER TABLE `logs` ENABLE KEYS */;
UNLOCK TABLES;

--
-- Table structure for table `matches`
--

DROP TABLE IF EXISTS `matches`;
/*!40101 SET @saved_cs_client     = @@character_set_client */;
/*!50503 SET character_set_client = utf8mb4 */;
CREATE TABLE `matches` (
  `id` int NOT NULL AUTO_INCREMENT,
  `team1` int DEFAULT NULL,
  `team2` int DEFAULT NULL,
  `winner` int DEFAULT NULL,
  `championship` int DEFAULT NULL,
  `status` varchar(50) CHARACTER SET utf8mb4 COLLATE utf8mb4_0900_ai_ci NOT NULL,
  `scoreTeam1` int DEFAULT NULL,
  `scoreTeam2` int DEFAULT NULL,
  `matchDate` datetime DEFAULT NULL,
  `created_at` datetime(6) NOT NULL DEFAULT CURRENT_TIMESTAMP(6),
  `updated_at` datetime(6) NOT NULL DEFAULT CURRENT_TIMESTAMP(6) ON UPDATE CURRENT_TIMESTAMP(6),
  PRIMARY KEY (`id`),
  KEY `FK_75e4010c66d5c7755b8108f82e3` (`team1`),
  KEY `FK_7f184209af2ff0645f5bf9f2303` (`team2`),
  KEY `FK_46e1e87306e725e0a115d9e326a` (`winner`),
  KEY `FK_3647c2fbff6f054cce68d5ca13c` (`championship`),
  CONSTRAINT `FK_3647c2fbff6f054cce68d5ca13c` FOREIGN KEY (`championship`) REFERENCES `championship` (`id`),
  CONSTRAINT `FK_46e1e87306e725e0a115d9e326a` FOREIGN KEY (`winner`) REFERENCES `teams` (`id`),
  CONSTRAINT `FK_75e4010c66d5c7755b8108f82e3` FOREIGN KEY (`team1`) REFERENCES `teams` (`id`),
  CONSTRAINT `FK_7f184209af2ff0645f5bf9f2303` FOREIGN KEY (`team2`) REFERENCES `teams` (`id`)
) ENGINE=InnoDB AUTO_INCREMENT=35 DEFAULT CHARSET=utf8mb4 COLLATE=utf8mb4_0900_ai_ci;
/*!40101 SET character_set_client = @saved_cs_client */;

--
-- Dumping data for table `matches`
--

LOCK TABLES `matches` WRITE;
/*!40000 ALTER TABLE `matches` DISABLE KEYS */;
INSERT INTO `matches` VALUES (7,5,6,6,16,'finished',1,0,NULL,'2025-09-29 16:46:20.323085','2026-01-28 09:08:11.000000'),(11,9,10,NULL,16,'finished',NULL,NULL,NULL,'2025-09-30 11:30:55.005984','2026-01-29 12:22:55.000000'),(13,9,14,14,16,'finished',NULL,NULL,NULL,'2025-09-30 11:31:10.136187','2026-01-19 16:40:19.000000'),(14,15,16,NULL,17,'finished',NULL,NULL,NULL,'2025-09-30 11:31:25.128671','2025-10-20 10:12:23.000000'),(15,5,12,NULL,16,'finished',NULL,NULL,NULL,'2025-09-30 11:31:38.805842','2025-10-20 15:58:38.000000'),(19,10,5,NULL,22,'finished',NULL,NULL,NULL,'2025-10-03 17:23:15.048779','2026-01-29 12:23:23.000000'),(20,10,5,NULL,22,'finished',NULL,NULL,NULL,'2025-10-03 17:24:29.193233','2025-10-31 10:25:55.000000'),(21,10,5,NULL,22,'finished',NULL,NULL,NULL,'2025-10-03 17:25:52.900361','2025-10-03 17:25:52.900361'),(22,NULL,6,NULL,22,'finished',NULL,NULL,NULL,'2025-10-06 11:12:02.764321','2026-01-29 12:27:58.000000'),(23,10,9,NULL,17,'finished',NULL,NULL,NULL,'2025-10-06 17:25:24.222219','2026-01-28 10:52:48.000000'),(24,5,10,NULL,21,'finished',NULL,NULL,NULL,'2025-10-07 16:52:02.727581','2026-01-28 09:59:08.000000'),(25,6,5,5,22,'finished',0,1,NULL,'2025-10-07 17:26:48.680402','2026-01-28 09:54:28.000000'),(27,5,19,NULL,16,'finished',NULL,NULL,NULL,'2025-10-31 10:34:17.856455','2026-01-29 12:39:44.000000'),(28,10,20,NULL,17,'finished',NULL,NULL,NULL,'2025-10-31 13:41:14.717878','2026-01-29 12:44:01.000000'),(29,24,20,NULL,16,'finished',NULL,NULL,NULL,'2026-01-19 16:51:37.526292','2026-01-29 12:47:11.000000'),(30,24,19,NULL,17,'finished',NULL,NULL,NULL,'2026-01-23 10:46:20.717630','2026-01-29 12:48:08.000000'),(31,24,25,25,17,'finished',1,2,'2026-01-29 14:15:00','2026-01-28 11:12:26.175646','2026-01-28 13:53:46.000000'),(32,24,20,NULL,25,'finished',NULL,NULL,'2026-01-29 17:54:00','2026-01-29 12:49:46.361173','2026-02-03 13:48:05.000000'),(33,25,20,25,16,'finished',2,1,'2026-02-04 13:51:00','2026-02-03 13:52:00.263686','2026-02-03 13:55:11.000000'),(34,25,24,NULL,16,'finished',NULL,NULL,'2026-02-02 11:20:00','2026-02-04 11:20:13.653758','2026-02-04 14:02:22.000000');
/*!40000 ALTER TABLE `matches` ENABLE KEYS */;
UNLOCK TABLES;

--
-- Table structure for table `metrics`
--

DROP TABLE IF EXISTS `metrics`;
/*!40101 SET @saved_cs_client     = @@character_set_client */;
/*!50503 SET character_set_client = utf8mb4 */;
CREATE TABLE `metrics` (
  `id` int NOT NULL AUTO_INCREMENT,
  `quantity` int NOT NULL,
  `type` varchar(50) NOT NULL,
  `created_at` datetime(6) NOT NULL DEFAULT CURRENT_TIMESTAMP(6),
  `description` text,
  `match_id` int NOT NULL,
  `gamer_id` int NOT NULL,
  PRIMARY KEY (`id`),
  KEY `fk_match` (`match_id`),
  KEY `fk_gamer` (`gamer_id`),
  CONSTRAINT `fk_gamer` FOREIGN KEY (`gamer_id`) REFERENCES `gamers` (`id`),
  CONSTRAINT `fk_match` FOREIGN KEY (`match_id`) REFERENCES `matches` (`id`)
) ENGINE=InnoDB AUTO_INCREMENT=50 DEFAULT CHARSET=utf8mb4 COLLATE=utf8mb4_0900_ai_ci;
/*!40101 SET character_set_client = @saved_cs_client */;

--
-- Dumping data for table `metrics`
--

LOCK TABLES `metrics` WRITE;
/*!40000 ALTER TABLE `metrics` DISABLE KEYS */;
INSERT INTO `metrics` VALUES (1,1,'gol','2025-10-28 17:13:07.934742','Fez um golaço',7,5),(2,1,'gol','2025-10-28 17:52:07.527789','Teste direto pelo front agora',13,3),(3,1,'gol','2025-10-28 17:55:16.399485','teste',13,4),(4,1,'gol','2025-10-28 17:55:35.152463','teste',13,6),(7,1,'gol','2025-10-28 17:57:51.900825','dkaodkaso',13,4),(8,1,'gol','2025-10-28 17:58:36.670873','teste',13,6),(9,1,'gol','2025-10-28 17:58:57.637647','dasdas',13,4),(10,1,'gol','2025-10-28 18:00:23.336069','ultimo teste',13,6),(11,1,'gol','2025-10-28 18:02:38.357173','juju',13,6),(12,1,'falta','2025-10-28 18:03:01.771069','faltou odio',13,3),(13,2,'falta','2025-10-29 14:56:44.898614','teste',22,3),(14,4,'cartao amarelo','2025-10-29 14:56:52.599396','teste',22,6),(15,4,'defesa','2025-10-29 14:57:47.941695','teste',23,4),(16,3,'assistencia','2025-10-29 14:58:16.888644','etste',23,4),(17,7,'chute ao gol','2025-10-29 14:58:25.282552','teste',23,3),(18,1,'cartao vermelho','2025-10-29 14:58:42.404639','teste',22,3),(19,1,'gol','2025-10-30 11:07:46.720693','teste',19,5),(20,2,'gol','2025-10-30 11:08:27.261492','testee',19,5),(21,2,'gol','2025-10-30 11:09:00.274396','testeee',19,5),(22,1,'defesa','2025-10-30 11:09:49.177853','tresdte',19,5),(23,1,'gol','2025-10-31 10:19:01.658090','teste',20,5),(24,1,'gol','2025-10-31 10:21:26.489514','ttttt',20,5),(25,1,'gol','2025-11-04 16:31:10.123930','Teste',19,18),(26,3,'defesa','2025-11-04 16:31:21.684115','teste',19,18),(27,5,'assistencia','2025-11-04 16:31:33.020965','assistenciou legal',19,18),(28,1,'gol','2026-01-19 16:42:46.505419','teste',19,14),(29,1,'gol','2026-01-26 17:27:33.205037','teste',7,14),(30,1,'gol','2026-01-27 08:22:37.303719','teste',7,14),(31,1,'gol','2026-01-27 09:15:12.321276','tttttt',7,14),(32,1,'gol','2026-01-27 13:21:31.798810','tete',28,9),(33,1,'gol','2026-01-28 09:29:25.857906','Golaço',25,14),(34,1,'gol','2026-01-28 09:30:23.867820','teste',25,14),(35,1,'gol','2026-01-28 09:31:34.527106','teste',25,14),(36,1,'gol','2026-01-28 09:31:44.064263','teste',25,14),(37,1,'gol','2026-01-28 09:32:16.032206','teste',25,14),(38,1,'gol','2026-01-28 09:52:09.662493','testes',25,14),(39,1,'gol','2026-01-28 09:52:26.529268','teste',25,14),(40,1,'gol','2026-01-28 09:54:09.961065','teste',25,14),(41,1,'gol','2026-01-28 13:51:03.359460','Golaço do coach',31,7),(42,1,'gol','2026-01-28 13:52:44.350008','Golaço bom',31,6),(43,1,'gol','2026-01-28 13:53:09.853380','Boa d+',31,17),(44,1,'falta','2026-01-28 13:53:27.683631','teste',31,17),(45,1,'gol','2026-02-03 13:52:46.434053','Golaço do mbappe',33,7),(46,1,'defesa','2026-02-03 13:53:06.038493','Defezaza',33,6),(47,1,'cartao vermelho','2026-02-03 13:53:37.454700','vazilo',33,9),(48,1,'gol','2026-02-03 13:54:05.603277','boa',33,9),(49,1,'gol','2026-02-03 13:54:47.246835','Chama',33,7);
/*!40000 ALTER TABLE `metrics` ENABLE KEYS */;
UNLOCK TABLES;

--
-- Table structure for table `migrations`
--

DROP TABLE IF EXISTS `migrations`;
/*!40101 SET @saved_cs_client     = @@character_set_client */;
/*!50503 SET character_set_client = utf8mb4 */;
CREATE TABLE `migrations` (
  `id` int NOT NULL AUTO_INCREMENT,
  `timestamp` bigint NOT NULL,
  `name` varchar(255) NOT NULL,
  PRIMARY KEY (`id`)
) ENGINE=InnoDB AUTO_INCREMENT=3 DEFAULT CHARSET=utf8mb4 COLLATE=utf8mb4_0900_ai_ci;
/*!40101 SET character_set_client = @saved_cs_client */;

--
-- Dumping data for table `migrations`
--

LOCK TABLES `migrations` WRITE;
/*!40000 ALTER TABLE `migrations` DISABLE KEYS */;
INSERT INTO `migrations` VALUES (1,1769601447295,'UpdateMatchesScoreAndDate1769601447295'),(2,1770400000000,'AddUserProfilePicture1770400000000');
/*!40000 ALTER TABLE `migrations` ENABLE KEYS */;
UNLOCK TABLES;

--
-- Table structure for table `notifications`
--

DROP TABLE IF EXISTS `notifications`;
/*!40101 SET @saved_cs_client     = @@character_set_client */;
/*!50503 SET character_set_client = utf8mb4 */;
CREATE TABLE `notifications` (
  `id` int NOT NULL AUTO_INCREMENT,
  `user_id` int NOT NULL,
  `type` varchar(50) NOT NULL,
  `gamer_id` int DEFAULT NULL,
  `created_at` datetime(6) NOT NULL DEFAULT CURRENT_TIMESTAMP(6),
  `read` tinyint NOT NULL DEFAULT '1',
  `description` text,
  `team_id` int DEFAULT NULL,
  PRIMARY KEY (`id`),
  KEY `fk_notifications_user` (`user_id`),
  KEY `fk_notifications_gamer` (`gamer_id`),
  KEY `fk_team` (`team_id`),
  CONSTRAINT `fk_notifications_gamer` FOREIGN KEY (`gamer_id`) REFERENCES `gamers` (`id`) ON DELETE CASCADE,
  CONSTRAINT `fk_notifications_user` FOREIGN KEY (`user_id`) REFERENCES `users` (`id`) ON DELETE CASCADE,
  CONSTRAINT `fk_team` FOREIGN KEY (`team_id`) REFERENCES `teams` (`id`) ON DELETE SET NULL ON UPDATE CASCADE
) ENGINE=InnoDB AUTO_INCREMENT=85 DEFAULT CHARSET=utf8mb4 COLLATE=utf8mb4_0900_ai_ci;
/*!40101 SET character_set_client = @saved_cs_client */;

--
-- Dumping data for table `notifications`
--

LOCK TABLES `notifications` WRITE;
/*!40000 ALTER TABLE `notifications` DISABLE KEYS */;
INSERT INTO `notifications` VALUES (1,18,'team_accept',9,'2025-10-22 16:50:07.263000',1,'Jogador quer entrar no seu time',NULL),(2,23,'accept',4,'2025-10-24 17:14:38.891000',1,'Sua solicitação foi aceita!',NULL),(3,23,'decline',4,'2025-10-27 08:44:49.511000',1,'Sua solicitação foi recusada!',NULL),(4,23,'accept',4,'2025-10-27 10:30:59.001000',1,'Sua solicitação foi aceita!',NULL),(6,25,'accept',4,'2025-10-27 10:57:40.167000',1,'Sua solicitação foi aceita!',NULL),(17,25,'accept',4,'2025-10-27 13:54:05.420759',1,'Sua solicitação foi aceita!',NULL),(19,25,'accept',4,'2025-10-27 13:55:38.336541',1,'Sua solicitação foi aceita!',NULL),(21,25,'accept',4,'2025-10-27 14:04:01.383132',1,'Sua solicitação foi aceita!',NULL),(22,18,'team_accept',13,'2025-10-30 10:45:41.162522',1,'',NULL),(23,27,'decline',4,'2025-10-30 10:45:58.094596',1,'Sua solicitação foi recusada!',NULL),(24,18,'team_accept',13,'2025-10-30 10:46:20.884216',1,'',NULL),(25,27,'accept',4,'2025-10-30 10:46:31.025654',1,'Sua solicitação foi aceita!',NULL),(26,17,'team_accept',18,'2025-11-04 16:28:55.720990',1,'',5),(27,35,'accept',3,'2025-11-04 16:30:09.223028',1,'Sua solicitação foi aceita!',NULL),(28,17,'team_accept',14,'2025-11-11 09:09:47.461849',1,'',5),(29,31,'accept',3,'2025-11-11 09:11:46.646185',1,'Sua solicitação foi aceita!',NULL),(31,32,'accept',3,'2025-11-11 09:21:17.951869',1,'Sua solicitação foi aceita!',NULL),(32,17,'team_leave',18,'2025-12-11 17:19:12.910210',1,'',5),(33,35,'accept',3,'2025-12-11 17:19:28.929808',1,'Sua solicitação foi aceita!',NULL),(34,17,'team_leave',18,'2025-12-11 17:22:57.421077',1,'',5),(35,35,'accept',3,'2025-12-11 17:23:05.864102',1,'Sua solicitação foi aceita!',NULL),(36,35,'team_invite',18,'2025-12-12 08:55:27.956737',1,'',24),(37,35,'accept',18,'2025-12-12 09:04:30.438441',1,'Sua solicitação foi aceita!',NULL),(38,17,'team_invite',18,'2025-12-12 09:09:26.386278',1,'',24),(39,35,'team_invite',3,'2025-12-12 09:10:09.481318',1,'',24),(40,17,'accept',18,'2025-12-12 09:14:12.017426',1,'Sua solicitação foi aceita!',NULL),(41,35,'accept',3,'2025-12-12 09:35:02.568511',1,'Sua solicitação foi aceita!',NULL),(42,35,'accept',3,'2025-12-12 09:37:21.774338',1,'Sua solicitação foi aceita!',NULL),(43,17,'accept',3,'2025-12-12 09:38:02.508019',1,'Sua solicitação foi aceita!',NULL),(44,34,'team_leave',18,'2025-12-12 09:39:52.825486',1,'',24),(45,34,'team_leave',18,'2025-12-12 09:41:04.856681',1,'',24),(46,34,'team_leave',18,'2025-12-12 09:42:01.516338',1,'',24),(47,35,'accept',17,'2025-12-12 09:42:32.403781',1,'Sua solicitação foi aceita!',NULL),(48,34,'team_accept',18,'2025-12-12 09:42:52.822726',1,'',24),(49,35,'accept',17,'2025-12-12 09:43:04.935359',1,'Sua solicitação foi aceita!',NULL),(50,35,'accept',17,'2025-12-12 09:43:04.991763',1,'Sua solicitação foi aceita!',NULL),(51,34,'team_leave',18,'2025-12-12 09:43:32.931382',1,'',24),(52,35,'accept',17,'2025-12-12 09:43:46.119707',1,'Sua solicitação foi aceita!',NULL),(53,35,'team_invite',17,'2025-12-12 09:53:42.970416',1,'',24),(54,35,'accept',17,'2025-12-12 09:57:16.748582',1,'Sua solicitação foi aceita!',NULL),(55,34,'team_leave',18,'2025-12-12 14:09:58.024832',1,'',24),(56,35,'accept',17,'2025-12-12 14:10:19.160771',1,'Sua solicitação foi aceita!',NULL),(57,34,'team_accept',18,'2025-12-12 14:25:32.408769',1,'',24),(58,35,'accept',17,'2025-12-12 14:25:52.629074',1,'Sua solicitação foi aceita!',NULL),(59,34,'team_leave',18,'2025-12-12 14:26:20.841101',1,'',24),(60,35,'accept',17,'2025-12-12 14:26:31.767172',1,'Sua solicitação foi aceita!',NULL),(61,19,'team_invite',17,'2026-01-07 14:20:19.877547',1,'',24),(62,19,'accept',17,'2026-01-07 14:25:27.948613',1,'Sua solicitação foi aceita!',NULL),(63,34,'team_leave',5,'2026-01-07 14:27:47.344933',1,'',24),(64,19,'accept',17,'2026-01-07 14:28:02.860528',1,'Sua solicitação foi aceita!',NULL),(69,19,'team_invite',17,'2026-01-07 14:31:57.249320',1,'',24),(70,19,'accept',17,'2026-01-07 14:34:14.441370',1,'Sua solicitação foi aceita!',NULL),(71,34,'team_leave',5,'2026-01-07 14:34:34.954218',1,'',24),(72,19,'accept',17,'2026-01-07 14:34:52.954378',1,'Sua solicitação foi aceita!',NULL),(73,19,'team_invite',17,'2026-01-07 14:35:01.267045',1,'',24),(74,34,'accept',17,'2026-01-07 14:35:19.832771',1,'Sua solicitação foi aceita!',NULL),(75,34,'team_leave',5,'2026-01-07 14:35:55.442360',1,'',24),(76,19,'accept',17,'2026-01-07 14:36:13.647468',1,'Sua solicitação foi aceita!',NULL),(77,34,'team_leave',3,'2026-01-19 16:54:32.243990',1,'',24),(78,17,'decline',17,'2026-01-19 16:58:30.966474',1,'Sua solicitação foi recusada!',NULL),(79,34,'team_leave',3,'2026-01-19 16:58:48.782589',1,'',24),(80,17,'accept',17,'2026-01-19 16:58:58.936604',1,'Sua solicitação foi aceita!',NULL),(81,34,'team_accept',3,'2026-01-19 16:59:28.663882',1,'',24),(82,17,'accept',17,'2026-01-19 16:59:40.162998',1,'Sua solicitação foi aceita!',NULL),(83,21,'team_accept',6,'2026-01-28 13:48:52.996602',1,'',25),(84,20,'accept',7,'2026-01-28 13:49:34.200044',0,'Sua solicitação foi aceita!',NULL);
/*!40000 ALTER TABLE `notifications` ENABLE KEYS */;
UNLOCK TABLES;

--
-- Table structure for table `teams`
--

DROP TABLE IF EXISTS `teams`;
/*!40101 SET @saved_cs_client     = @@character_set_client */;
/*!50503 SET character_set_client = utf8mb4 */;
CREATE TABLE `teams` (
  `id` int NOT NULL AUTO_INCREMENT,
  `name` varchar(100) NOT NULL,
  `logo` varchar(255) DEFAULT NULL,
  `created_at` datetime(6) NOT NULL DEFAULT CURRENT_TIMESTAMP(6),
  `updated_at` datetime(6) NOT NULL DEFAULT CURRENT_TIMESTAMP(6) ON UPDATE CURRENT_TIMESTAMP(6),
  `gamer_id` int NOT NULL,
  PRIMARY KEY (`id`),
  KEY `gamer_id` (`gamer_id`),
  CONSTRAINT `gamer_id` FOREIGN KEY (`gamer_id`) REFERENCES `gamers` (`id`)
) ENGINE=InnoDB AUTO_INCREMENT=26 DEFAULT CHARSET=utf8mb4 COLLATE=utf8mb4_0900_ai_ci;
/*!40101 SET character_set_client = @saved_cs_client */;

--
-- Dumping data for table `teams`
--

LOCK TABLES `teams` WRITE;
/*!40000 ALTER TABLE `teams` DISABLE KEYS */;
INSERT INTO `teams` VALUES (5,'time do ju24','uploads/2025/10/5d2925df-867f-45a5-a7ed-292332a4628c.jpeg','2025-09-16 14:17:20.940352','2025-10-30 15:42:27.355995',3),(6,'time do ju2444','uploads/2026/01/d04d4559-f476-49fc-9934-581e8f9211b4.png','2025-09-16 16:20:58.111679','2026-01-28 14:49:49.000000',4),(8,'novo time do Julian','uploads/2025/10/5d2925df-867f-45a5-a7ed-292332a4628c.jpeg','2025-09-30 11:09:34.015229','2025-10-30 15:42:27.361263',4),(9,'Time vencedor','uploads/2025/10/5d2925df-867f-45a5-a7ed-292332a4628c.jpeg','2025-09-30 11:09:46.320167','2025-10-30 15:42:27.362602',4),(10,'Corintia','uploads/2026/01/60cfbe85-70bd-4e7f-ae52-50e9168cad08.png','2025-09-30 11:09:51.358472','2026-01-27 11:16:39.510770',4),(11,'Flamengooo','uploads/2025/10/94b57060-0a9b-4749-91ed-da178956c7ab.png','2025-09-30 11:09:55.326719','2026-01-27 11:16:39.515502',4),(12,'ainn sao paulo','uploads/2025/10/5d2925df-867f-45a5-a7ed-292332a4628c.jpeg','2025-09-30 11:10:02.435225','2025-10-30 15:42:27.365231',4),(13,'Falta muito time ainda','uploads/2025/10/5d2925df-867f-45a5-a7ed-292332a4628c.jpeg','2025-09-30 11:10:15.035555','2025-10-30 15:42:27.366277',4),(14,'time do iago','uploads/2025/10/5d2925df-867f-45a5-a7ed-292332a4628c.jpeg','2025-09-30 11:10:23.236671','2025-10-30 15:42:27.366838',4),(15,'Pior time','uploads/2025/10/5d2925df-867f-45a5-a7ed-292332a4628c.jpeg','2025-09-30 11:10:27.381552','2025-10-30 15:42:27.367807',4),(16,'Pior timede tidis','uploads/2025/11/38272eea-f8db-43a4-84ba-081e24b3e5ea.png','2025-09-30 11:16:44.021973','2025-11-04 16:42:06.000000',4),(17,'Teste pfvr funciona eu imploro','uploads/2026/01/a4896e9c-d9c2-4bd7-aa2e-79a78a6f002d.png','2025-10-09 15:14:21.610719','2026-01-27 11:15:01.000000',5),(19,'teste julian vai vincular','uploads/2026/01/5d42ab4d-e77b-48c5-9cfe-cfe06d5fea9a.jpeg','2025-10-10 10:50:08.447445','2026-01-27 11:23:44.000000',8),(20,'Time do gamehub2','uploads/2026/01/cc064812-ab36-4902-b49f-5c50d1a10a88.jpeg','2025-10-10 10:53:46.760235','2026-01-27 11:29:25.000000',9),(22,'Time de teste pro novo input ','uploads/2026/01/9d10260d-a811-4046-a02b-7b08e5ee4d19.jpeg','2025-10-30 10:03:48.553412','2026-01-27 11:30:36.000000',12),(23,'teste do s3','uploads/2026/01/0b378dd4-f150-4add-b08b-aa222c0da969.jpeg','2025-10-30 15:31:14.287335','2026-01-27 11:32:29.000000',16),(24,'TEste julian','uploads/2025/10/94b57060-0a9b-4749-91ed-da178956c7ab.png','2025-10-31 08:00:46.862131','2025-10-31 08:17:47.000000',17),(25,'Helder Ring','uploads/2026/01/60cfbe85-70bd-4e7f-ae52-50e9168cad08.png','2026-01-27 10:43:20.405924','2026-01-28 17:14:32.000000',7);
/*!40000 ALTER TABLE `teams` ENABLE KEYS */;
UNLOCK TABLES;

--
-- Table structure for table `users`
--

DROP TABLE IF EXISTS `users`;
/*!40101 SET @saved_cs_client     = @@character_set_client */;
/*!50503 SET character_set_client = utf8mb4 */;
CREATE TABLE `users` (
  `id` int NOT NULL AUTO_INCREMENT,
  `name` varchar(100) NOT NULL,
  `email` varchar(150) NOT NULL,
  `profile` varchar(50) NOT NULL,
  `created_at` datetime(6) NOT NULL DEFAULT CURRENT_TIMESTAMP(6),
  `updated_at` datetime(6) NOT NULL DEFAULT CURRENT_TIMESTAMP(6) ON UPDATE CURRENT_TIMESTAMP(6),
  `password` varchar(255) NOT NULL,
  `is_active` tinyint NOT NULL DEFAULT '1',
  `cpf` varchar(12) NOT NULL,
  `profilePicture` varchar(500) DEFAULT NULL,
  PRIMARY KEY (`id`),
  UNIQUE KEY `IDX_97672ac88f789774dd47f7c8be` (`email`)
) ENGINE=InnoDB AUTO_INCREMENT=45 DEFAULT CHARSET=utf8mb4 COLLATE=utf8mb4_0900_ai_ci;
/*!40101 SET character_set_client = @saved_cs_client */;

--
-- Dumping data for table `users`
--

LOCK TABLES `users` WRITE;
/*!40000 ALTER TABLE `users` DISABLE KEYS */;
INSERT INTO `users` VALUES (17,'Julian Alves','julian.teste2@teste.com','gamer','2025-09-10 13:50:18.419504','2026-01-20 13:43:16.000000','$argon2id$v=19$m=19456,t=2,p=1$9aiEDFS7UAz/eJHgEo2kVQ$UC0F4Isp+Z+xpIvDVgVAa5hhq3Luf1MP28izKnviV0c',1,'0',NULL),(18,'Julian Alves','jujuba@gmail.com','admin','2025-09-12 13:59:12.221336','2026-02-17 14:46:10.000000','$argon2id$v=19$m=19456,t=2,p=1$gi80dOZH1JJV/ZGvThZaNA$9bg4d7+maZFS2+WaZKIBRE9M7GXiI3Orj4gnMOe2I8c',1,'0','uploads/users/2026/02/9ec01998-a021-469a-b8eb-3987d26ce60d.jpeg'),(19,'Julian Editado3','jujuba2@editado.com','gamer','2025-09-12 13:59:30.494175','2025-11-04 16:26:44.735210','$argon2id$v=19$m=19456,t=2,p=1$gi80dOZH1JJV/ZGvThZaNA$9bg4d7+maZFS2+WaZKIBRE9M7GXiI3Orj4gnMOe2I8c',1,'0',NULL),(20,'Julian 4','jujuba23@gmail.com','gamer','2025-09-12 13:59:37.226658','2026-01-27 11:22:14.780109','$argon2id$v=19$m=19456,t=2,p=1$To/GliwEKg8VbMjVDF+omQ$V5MmeKoLscK4+/vkwIhremhgBdZU7hODr0neVWB1pLg',1,'0',NULL),(21,'Julian coach2','julian@gmail.com','gamer','2025-10-09 15:16:54.978888','2026-02-17 14:45:47.000000','$argon2id$v=19$m=19456,t=2,p=1$J2W+7+YTw4z9w9KeFaVqXQ$X8j8sg1rSu4jVmWGdSBHJUz+gU6/H6qd8TfKkoGVy8Y',1,'0',NULL),(22,'JUlian vai criar time','jujuba5@gmail.com','gamer','2025-10-10 10:48:52.997648','2025-10-10 10:48:52.997648','$argon2id$v=19$m=19456,t=2,p=1$KHV2j8TMI6YNOPZm4RTXOA$c1Am61boB50ZMyexJo4w3lRFrt2JtYiC0WWojfdhcOc',1,'0',NULL),(23,'Perfil oficial do Julian2','julianofc@gmail.com','gamer','2025-10-10 10:52:30.846448','2025-10-21 13:53:09.000000','$argon2id$v=19$m=19456,t=2,p=1$JyVQszfbJxdvjoLY9XJIgQ$OIVkyMfaBx/blPECUHwtppR9WZh/+xQJrgocXNetqRU',1,'0',NULL),(24,'Julian novo','juliannovo@gmail.com','gamer','2025-10-20 14:33:41.099453','2025-10-20 14:33:41.099453','$argon2id$v=19$m=19456,t=2,p=1$jqWxZEnaKOD5byMtXvqMCg$lpl0bu5JUOcSuHeNNuh1edFrY1kTAGvHEAWEi8OsUUg',1,'0',NULL),(25,'Julian novo gamer sem time','juliangamer@gmail.com','gamer','2025-10-27 10:47:27.200894','2025-10-27 10:47:27.200894','$argon2id$v=19$m=19456,t=2,p=1$5bWgzFCBRZttQ+lcPMOL5A$Yqjn7kD2XKlh/Y2qLgScZspPGpRJ2q514xM7/p58Y+E',1,'0',NULL),(26,'teste','teste@gmail.com','gamer','2025-10-30 09:57:52.413682','2025-10-30 09:57:52.413682','$argon2id$v=19$m=19456,t=2,p=1$ZoUG72guwcVtkITddHl1rw$TEGZLlcayRGdvN0RcYPorxpHipNmqk810kA5sIYBr0M',1,'0',NULL),(27,'mamae','mamae@gmail.com','gamer','2025-10-30 10:44:48.751353','2025-10-30 10:54:11.000000','$argon2id$v=19$m=19456,t=2,p=1$qtvPSk49EFtzwiXEH/mvfA$LoeBoG3Z9IsJ1RMSKlv+pKDxqvLgUqk667O0Zp3IQSA',1,'0',NULL),(28,'teste23232','testePfvr@gmail.com','gamer','2025-10-30 11:10:24.808717','2025-10-30 11:10:24.808717','$argon2id$v=19$m=19456,t=2,p=1$X6HPSFFcOWMjfHHitGUoUA$Ez8j2iY6nntZkYYNV6vFOV8RiuhK2zhQs/KAPrPsG9Q',1,'0',NULL),(29,'dsaasddsadsaasddsa','emailfuncional@gmail.com','gamer','2025-10-30 11:13:05.002833','2025-10-30 11:13:05.002833','$argon2id$v=19$m=19456,t=2,p=1$/CkKSzzSvMPCG6bi11a0JQ$oUiAZ9kgS4zvpJ1uis81azU8shzLugxoIrbNQ5Ks3BQ',1,'0',NULL),(30,'Ihulllll','ihul@gmail.com','gamer','2025-10-30 11:14:39.843820','2025-10-30 11:14:39.843820','$argon2id$v=19$m=19456,t=2,p=1$ffMaAi8OzzMkIly61M/z2g$gszPTNF+ZSQOwI5UlFheh05NwEJeLxQ2rL1av6xAWeM',1,'0',NULL),(31,'pfvr funciona','funciona@gmail.com','gamer','2025-10-30 11:16:07.847218','2025-10-30 11:16:07.847218','$argon2id$v=19$m=19456,t=2,p=1$sRB7nsGxwa8lDjO6iJF+OQ$rIWbM/cXg0ZRg7WAPDdpHZllorevIje0lM7OauS1QSE',1,'0',NULL),(32,'agora vai','agrvai@gmail.com','gamer','2025-10-30 11:16:48.663407','2025-10-30 11:16:48.663407','$argon2id$v=19$m=19456,t=2,p=1$0x+SkJeKCsQlP1M5KlSfqg$zJyTL5W1jltziqr2o4XhaFV8X2EELP5udrsn6WiCVC0',1,'0',NULL),(33,'Teste com bucket','s3@gmail.com','gamer','2025-10-30 15:25:18.614765','2025-10-30 15:25:18.614765','$argon2id$v=19$m=19456,t=2,p=1$8y8/dVLLbOyXvWSpxf71yg$6JOXoVpfS0OnM0rdsf5SdqDfCrnvkLlOYbfCCNcwiec',1,'0',NULL),(34,'ultimo teste','ultimoteste@gmail.com','gamer','2025-10-31 07:59:05.625900','2025-10-31 07:59:05.625900','$argon2id$v=19$m=19456,t=2,p=1$Eh5KtL3xJ69I0vbfe7xfEg$LtsSwB7yJ7Cs4CFIt+xFEkFiAW9ayHcZkC8ei0OhXsE',1,'0',NULL),(35,'Iago','iago@gmail.com','gamer','2025-11-04 16:28:26.880790','2025-11-04 16:28:26.880790','$argon2id$v=19$m=19456,t=2,p=1$eW1hzxi2CMNOgH+JH9kdlw$2uKKUpwLF+oNos9slJY0HlHi1IgDIjkHOpDOQIqlYjg',1,'0',NULL),(36,'Julian','julinhan2@gmail.com','gamer','2025-11-07 14:12:28.926392','2025-11-07 14:12:28.926392','$argon2id$v=19$m=19456,t=2,p=1$4x4k/a97lX11A8iG1Qo0LA$16B6wJ1KwagnMN576TDVfaEUJmt0sZCBae+USQ6JEkk',1,'0',NULL),(37,'teste usando o handler2 agora','handler@gmail.com','gamer','2025-11-07 14:27:44.962566','2025-11-07 15:34:16.000000','$argon2id$v=19$m=19456,t=2,p=1$fWboBtGptSeDmpCnPTPY4g$bX52Kb0GwkTRFtG0bJ+oFplDkUKUsmJtKjMaXC8nNm8',1,'0',NULL),(38,'Teste de criar gamer com o handler agora','gamerHandler@gmail.com','gamer','2025-11-10 13:48:23.866544','2025-11-10 13:48:23.866544','$argon2id$v=19$m=19456,t=2,p=1$qiApRpfFRD8J5V0ID7TP+g$FEEDYvevMe2W5jeVfn9iur8ggQMr1DwnWdnNlJy5mQ4',1,'0',NULL),(39,'teste 23','teste23@gmail.com','gamer','2025-11-10 13:51:21.855640','2025-11-10 13:51:21.855640','$argon2id$v=19$m=19456,t=2,p=1$tG7mw02mXyJl9CKQwKq1EQ$xilKghnPXpgklkLwHF1SPhJGqxKMI2I+x96EyNrcO/s',1,'0',NULL),(40,'teste222','teste222@gmail.com','gamer','2025-11-10 13:52:23.518001','2025-11-10 13:52:23.518001','$argon2id$v=19$m=19456,t=2,p=1$jiwt9gwZwS4z5i2MULjpEA$Kn1P7Ai78S7D1Zjbbf61QM9W1Jxv8UuBQ89Fhf8lL0k',1,'0',NULL),(41,'Julian testando criar gamer','julian.gamer@gmail.com','gamer','2026-02-03 16:25:23.916263','2026-02-03 16:25:23.916263','$argon2id$v=19$m=19456,t=2,p=1$Q+y8PyPypBrNXwaWP90oYA$pFUdh15e1DXH743mLwv/IS5XOMyypVtIzXlf9eAOHys',1,'46569326805',NULL),(42,'Julian testando dnvb a criação','julianCriacao@gmail.com','gamer','2026-02-03 16:28:07.280640','2026-02-03 16:28:07.280640','$argon2id$v=19$m=19456,t=2,p=1$xmsKij0Oe7KSy20y1+E8PA$bnFGH/+eCPSq6PyffnHCXnXFM3CqM7jRBNYy5IMg2iw',1,'01234567890',NULL),(43,'agora vai certinho','julianAgoravai@gmail.com','gamer','2026-02-03 16:29:11.524958','2026-02-03 16:29:11.524958','$argon2id$v=19$m=19456,t=2,p=1$hLJ/Fst+k04S86T4lj15HA$Tb8iERp6dK91Fq2H6xb5000mEeOhrmvm1HshbB6glns',1,'01234567890',NULL),(44,'julian testando criação','julianComFoto@gmail.com','gamer','2026-02-06 15:31:23.200855','2026-02-06 15:31:23.200855','$argon2id$v=19$m=19456,t=2,p=1$BHeVi7leQA/Dh4yB8nFrXg$0HGesPSVUTo88OLyvxRZXrE6hGhv7dL4WhojcnBs3Uk',1,'01234567890','uploads/users/2026/02/030629d7-ed5f-48f2-8ed7-c83a061e76aa.jpeg');
/*!40000 ALTER TABLE `users` ENABLE KEYS */;
UNLOCK TABLES;

--
-- Dumping routines for database 'gameHubDB'
--
/*!40103 SET TIME_ZONE=@OLD_TIME_ZONE */;

/*!40101 SET SQL_MODE=@OLD_SQL_MODE */;
/*!40014 SET FOREIGN_KEY_CHECKS=@OLD_FOREIGN_KEY_CHECKS */;
/*!40014 SET UNIQUE_CHECKS=@OLD_UNIQUE_CHECKS */;
/*!40101 SET CHARACTER_SET_CLIENT=@OLD_CHARACTER_SET_CLIENT */;
/*!40101 SET CHARACTER_SET_RESULTS=@OLD_CHARACTER_SET_RESULTS */;
/*!40101 SET COLLATION_CONNECTION=@OLD_COLLATION_CONNECTION */;
/*!40111 SET SQL_NOTES=@OLD_SQL_NOTES */;

-- Dump completed on 2026-02-19 14:27:41
